image_filename,prompt_id,pooling,token_idx,weight
1281_right.jpg,P1,mean,0,3.906250e-03
1281_right.jpg,P1,mean,1,3.906250e-03
1281_right.jpg,P1,mean,2,3.906250e-03
1281_right.jpg,P1,mean,3,3.906250e-03
1281_right.jpg,P1,mean,4,3.906250e-03
1281_right.jpg,P1,mean,5,3.906250e-03
1281_right.jpg,P1,mean,6,3.906250e-03
1281_right.jpg,P1,mean,7,3.906250e-03
1281_right.jpg,P1,mean,8,3.906250e-03
1281_right.jpg,P1,mean,9,3.906250e-03
1281_right.jpg,P1,mean,10,3.906250e-03
1281_right.jpg,P1,mean,11,3.906250e-03
1281_right.jpg,P1,mean,12,3.906250e-03
1281_right.jpg,P1,mean,13,3.906250e-03
1281_right.jpg,P1,mean,14,3.906250e-03
1281_right.jpg,P1,mean,15,3.906250e-03
1281_right.jpg,P1,mean,16,3.906250e-03
1281_right.jpg,P1,mean,17,3.906250e-03
1281_right.jpg,P1,mean,18,3.906250e-03
1281_right.jpg,P1,mean,19,3.906250e-03
1281_right.jpg,P1,mean,20,3.906250e-03
1281_right.jpg,P1,mean,21,3.906250e-03
1281_right.jpg,P1,mean,22,3.906250e-03
1281_right.jpg,P1,mean,23,3.906250e-03
1281_right.jpg,P1,mean,24,3.906250e-03
1281_right.jpg,P1,mean,25,3.906250e-03
1281_right.jpg,P1,mean,26,3.906250e-03
1281_right.jpg,P1,mean,27,3.906250e-03
1281_right.jpg,P1,mean,28,3.906250e-03
1281_right.jpg,P1,mean,29,3.906250e-03
1281_right.jpg,P1,mean,30,3.906250e-03
1281_right.jpg,P1,mean,31,3.906250e-03
1281_right.jpg,P1,mean,32,3.906250e-03
1281_right.jpg,P1,mean,33,3.906250e-03
1281_right.jpg,P1,mean,34,3.906250e-03
1281_right.jpg,P1,mean,35,3.906250e-03
1281_right.jpg,P1,mean,36,3.906250e-03
1281_right.jpg,P1,mean,37,3.906250e-03
1281_right.jpg,P1,mean,38,3.906250e-03
1281_right.jpg,P1,mean,39,3.906250e-03
1281_right.jpg,P1,mean,40,3.906250e-03
1281_right.jpg,P1,mean,41,3.906250e-03
1281_right.jpg,P1,mean,42,3.906250e-03
1281_right.jpg,P1,mean,43,3.906250e-03
1281_right.jpg,P1,mean,44,3.906250e-03
1281_right.jpg,P1,mean,45,3.906250e-03
1281_right.jpg,P1,mean,46,3.906250e-03
1281_right.jpg,P1,mean,47,3.906250e-03
1281_right.jpg,P1,mean,48,3.906250e-03
1281_right.jpg,P1,mean,49,3.906250e-03
1281_right.jpg,P1,mean,50,3.906250e-03
1281_right.jpg,P1,mean,51,3.906250e-03
1281_right.jpg,P1,mean,52,3.906250e-03
1281_right.jpg,P1,mean,53,3.906250e-03
1281_right.jpg,P1,mean,54,3.906250e-03
1281_right.jpg,P1,mean,55,3.906250e-03
1281_right.jpg,P1,mean,56,3.906250e-03
1281_right.jpg,P1,mean,57,3.906250e-03
1281_right.jpg,P1,mean,58,3.906250e-03
1281_right.jpg,P1,mean,59,3.906250e-03
1281_right.jpg,P1,mean,60,3.906250e-03
1281_right.jpg,P1,mean,61,3.906250e-03
1281_right.jpg,P1,mean,62,3.906250e-03
1281_right.jpg,P1,mean,63,3.906250e-03
1281_right.jpg,P1,mean,64,3.906250e-03
1281_right.jpg,P1,mean,65,3.906250e-03
1281_right.jpg,P1,mean,66,3.906250e-03
1281_right.jpg,P1,mean,67,3.906250e-03
1281_right.jpg,P1,mean,68,3.906250e-03
1281_right.jpg,P1,mean,69,3.906250e-03
1281_right.jpg,P1,mean,70,3.906250e-03
1281_right.jpg,P1,mean,71,3.906250e-03
1281_right.jpg,P1,mean,72,3.906250e-03
1281_right.jpg,P1,mean,73,3.906250e-03
1281_right.jpg,P1,mean,74,3.906250e-03
1281_right.jpg,P1,mean,75,3.906250e-03
1281_right.jpg,P1,mean,76,3.906250e-03
1281_right.jpg,P1,mean,77,3.906250e-03
1281_right.jpg,P1,mean,78,3.906250e-03
1281_right.jpg,P1,mean,79,3.906250e-03
1281_right.jpg,P1,mean,80,3.906250e-03
1281_right.jpg,P1,mean,81,3.906250e-03
1281_right.jpg,P1,mean,82,3.906250e-03
1281_right.jpg,P1,mean,83,3.906250e-03
1281_right.jpg,P1,mean,84,3.906250e-03
1281_right.jpg,P1,mean,85,3.906250e-03
1281_right.jpg,P1,mean,86,3.906250e-03
1281_right.jpg,P1,mean,87,3.906250e-03
1281_right.jpg,P1,mean,88,3.906250e-03
1281_right.jpg,P1,mean,89,3.906250e-03
1281_right.jpg,P1,mean,90,3.906250e-03
1281_right.jpg,P1,mean,91,3.906250e-03
1281_right.jpg,P1,mean,92,3.906250e-03
1281_right.jpg,P1,mean,93,3.906250e-03
1281_right.jpg,P1,mean,94,3.906250e-03
1281_right.jpg,P1,mean,95,3.906250e-03
1281_right.jpg,P1,mean,96,3.906250e-03
1281_right.jpg,P1,mean,97,3.906250e-03
1281_right.jpg,P1,mean,98,3.906250e-03
1281_right.jpg,P1,mean,99,3.906250e-03
1281_right.jpg,P1,mean,100,3.906250e-03
1281_right.jpg,P1,mean,101,3.906250e-03
1281_right.jpg,P1,mean,102,3.906250e-03
1281_right.jpg,P1,mean,103,3.906250e-03
1281_right.jpg,P1,mean,104,3.906250e-03
1281_right.jpg,P1,mean,105,3.906250e-03
1281_right.jpg,P1,mean,106,3.906250e-03
1281_right.jpg,P1,mean,107,3.906250e-03
1281_right.jpg,P1,mean,108,3.906250e-03
1281_right.jpg,P1,mean,109,3.906250e-03
1281_right.jpg,P1,mean,110,3.906250e-03
1281_right.jpg,P1,mean,111,3.906250e-03
1281_right.jpg,P1,mean,112,3.906250e-03
1281_right.jpg,P1,mean,113,3.906250e-03
1281_right.jpg,P1,mean,114,3.906250e-03
1281_right.jpg,P1,mean,115,3.906250e-03
1281_right.jpg,P1,mean,116,3.906250e-03
1281_right.jpg,P1,mean,117,3.906250e-03
1281_right.jpg,P1,mean,118,3.906250e-03
1281_right.jpg,P1,mean,119,3.906250e-03
1281_right.jpg,P1,mean,120,3.906250e-03
1281_right.jpg,P1,mean,121,3.906250e-03
1281_right.jpg,P1,mean,122,3.906250e-03
1281_right.jpg,P1,mean,123,3.906250e-03
1281_right.jpg,P1,mean,124,3.906250e-03
1281_right.jpg,P1,mean,125,3.906250e-03
1281_right.jpg,P1,mean,126,3.906250e-03
1281_right.jpg,P1,mean,127,3.906250e-03
1281_right.jpg,P1,mean,128,3.906250e-03
1281_right.jpg,P1,mean,129,3.906250e-03
1281_right.jpg,P1,mean,130,3.906250e-03
1281_right.jpg,P1,mean,131,3.906250e-03
1281_right.jpg,P1,mean,132,3.906250e-03
1281_right.jpg,P1,mean,133,3.906250e-03
1281_right.jpg,P1,mean,134,3.906250e-03
1281_right.jpg,P1,mean,135,3.906250e-03
1281_right.jpg,P1,mean,136,3.906250e-03
1281_right.jpg,P1,mean,137,3.906250e-03
1281_right.jpg,P1,mean,138,3.906250e-03
1281_right.jpg,P1,mean,139,3.906250e-03
1281_right.jpg,P1,mean,140,3.906250e-03
1281_right.jpg,P1,mean,141,3.906250e-03
1281_right.jpg,P1,mean,142,3.906250e-03
1281_right.jpg,P1,mean,143,3.906250e-03
1281_right.jpg,P1,mean,144,3.906250e-03
1281_right.jpg,P1,mean,145,3.906250e-03
1281_right.jpg,P1,mean,146,3.906250e-03
1281_right.jpg,P1,mean,147,3.906250e-03
1281_right.jpg,P1,mean,148,3.906250e-03
1281_right.jpg,P1,mean,149,3.906250e-03
1281_right.jpg,P1,mean,150,3.906250e-03
1281_right.jpg,P1,mean,151,3.906250e-03
1281_right.jpg,P1,mean,152,3.906250e-03
1281_right.jpg,P1,mean,153,3.906250e-03
1281_right.jpg,P1,mean,154,3.906250e-03
1281_right.jpg,P1,mean,155,3.906250e-03
1281_right.jpg,P1,mean,156,3.906250e-03
1281_right.jpg,P1,mean,157,3.906250e-03
1281_right.jpg,P1,mean,158,3.906250e-03
1281_right.jpg,P1,mean,159,3.906250e-03
1281_right.jpg,P1,mean,160,3.906250e-03
1281_right.jpg,P1,mean,161,3.906250e-03
1281_right.jpg,P1,mean,162,3.906250e-03
1281_right.jpg,P1,mean,163,3.906250e-03
1281_right.jpg,P1,mean,164,3.906250e-03
1281_right.jpg,P1,mean,165,3.906250e-03
1281_right.jpg,P1,mean,166,3.906250e-03
1281_right.jpg,P1,mean,167,3.906250e-03
1281_right.jpg,P1,mean,168,3.906250e-03
1281_right.jpg,P1,mean,169,3.906250e-03
1281_right.jpg,P1,mean,170,3.906250e-03
1281_right.jpg,P1,mean,171,3.906250e-03
1281_right.jpg,P1,mean,172,3.906250e-03
1281_right.jpg,P1,mean,173,3.906250e-03
1281_right.jpg,P1,mean,174,3.906250e-03
1281_right.jpg,P1,mean,175,3.906250e-03
1281_right.jpg,P1,mean,176,3.906250e-03
1281_right.jpg,P1,mean,177,3.906250e-03
1281_right.jpg,P1,mean,178,3.906250e-03
1281_right.jpg,P1,mean,179,3.906250e-03
1281_right.jpg,P1,mean,180,3.906250e-03
1281_right.jpg,P1,mean,181,3.906250e-03
1281_right.jpg,P1,mean,182,3.906250e-03
1281_right.jpg,P1,mean,183,3.906250e-03
1281_right.jpg,P1,mean,184,3.906250e-03
1281_right.jpg,P1,mean,185,3.906250e-03
1281_right.jpg,P1,mean,186,3.906250e-03
1281_right.jpg,P1,mean,187,3.906250e-03
1281_right.jpg,P1,mean,188,3.906250e-03
1281_right.jpg,P1,mean,189,3.906250e-03
1281_right.jpg,P1,mean,190,3.906250e-03
1281_right.jpg,P1,mean,191,3.906250e-03
1281_right.jpg,P1,mean,192,3.906250e-03
1281_right.jpg,P1,mean,193,3.906250e-03
1281_right.jpg,P1,mean,194,3.906250e-03
1281_right.jpg,P1,mean,195,3.906250e-03
1281_right.jpg,P1,mean,196,3.906250e-03
1281_right.jpg,P1,mean,197,3.906250e-03
1281_right.jpg,P1,mean,198,3.906250e-03
1281_right.jpg,P1,mean,199,3.906250e-03
1281_right.jpg,P1,mean,200,3.906250e-03
1281_right.jpg,P1,mean,201,3.906250e-03
1281_right.jpg,P1,mean,202,3.906250e-03
1281_right.jpg,P1,mean,203,3.906250e-03
1281_right.jpg,P1,mean,204,3.906250e-03
1281_right.jpg,P1,mean,205,3.906250e-03
1281_right.jpg,P1,mean,206,3.906250e-03
1281_right.jpg,P1,mean,207,3.906250e-03
1281_right.jpg,P1,mean,208,3.906250e-03
1281_right.jpg,P1,mean,209,3.906250e-03
1281_right.jpg,P1,mean,210,3.906250e-03
1281_right.jpg,P1,mean,211,3.906250e-03
1281_right.jpg,P1,mean,212,3.906250e-03
1281_right.jpg,P1,mean,213,3.906250e-03
1281_right.jpg,P1,mean,214,3.906250e-03
1281_right.jpg,P1,mean,215,3.906250e-03
1281_right.jpg,P1,mean,216,3.906250e-03
1281_right.jpg,P1,mean,217,3.906250e-03
1281_right.jpg,P1,mean,218,3.906250e-03
1281_right.jpg,P1,mean,219,3.906250e-03
1281_right.jpg,P1,mean,220,3.906250e-03
1281_right.jpg,P1,mean,221,3.906250e-03
1281_right.jpg,P1,mean,222,3.906250e-03
1281_right.jpg,P1,mean,223,3.906250e-03
1281_right.jpg,P1,mean,224,3.906250e-03
1281_right.jpg,P1,mean,225,3.906250e-03
1281_right.jpg,P1,mean,226,3.906250e-03
1281_right.jpg,P1,mean,227,3.906250e-03
1281_right.jpg,P1,mean,228,3.906250e-03
1281_right.jpg,P1,mean,229,3.906250e-03
1281_right.jpg,P1,mean,230,3.906250e-03
1281_right.jpg,P1,mean,231,3.906250e-03
1281_right.jpg,P1,mean,232,3.906250e-03
1281_right.jpg,P1,mean,233,3.906250e-03
1281_right.jpg,P1,mean,234,3.906250e-03
1281_right.jpg,P1,mean,235,3.906250e-03
1281_right.jpg,P1,mean,236,3.906250e-03
1281_right.jpg,P1,mean,237,3.906250e-03
1281_right.jpg,P1,mean,238,3.906250e-03
1281_right.jpg,P1,mean,239,3.906250e-03
1281_right.jpg,P1,mean,240,3.906250e-03
1281_right.jpg,P1,mean,241,3.906250e-03
1281_right.jpg,P1,mean,242,3.906250e-03
1281_right.jpg,P1,mean,243,3.906250e-03
1281_right.jpg,P1,mean,244,3.906250e-03
1281_right.jpg,P1,mean,245,3.906250e-03
1281_right.jpg,P1,mean,246,3.906250e-03
1281_right.jpg,P1,mean,247,3.906250e-03
1281_right.jpg,P1,mean,248,3.906250e-03
1281_right.jpg,P1,mean,249,3.906250e-03
1281_right.jpg,P1,mean,250,3.906250e-03
1281_right.jpg,P1,mean,251,3.906250e-03
1281_right.jpg,P1,mean,252,3.906250e-03
1281_right.jpg,P1,mean,253,3.906250e-03
1281_right.jpg,P1,mean,254,3.906250e-03
1281_right.jpg,P1,mean,255,3.906250e-03
1281_right.jpg,P1,max,0,1.953125e-03
1281_right.jpg,P1,max,1,3.906250e-04
1281_right.jpg,P1,max,2,1.953125e-03
1281_right.jpg,P1,max,3,4.687500e-03
1281_right.jpg,P1,max,4,3.125000e-03
1281_right.jpg,P1,max,5,0.000000e+00
1281_right.jpg,P1,max,6,2.343750e-03
1281_right.jpg,P1,max,7,3.906250e-04
1281_right.jpg,P1,max,8,1.562500e-03
1281_right.jpg,P1,max,9,3.906250e-04
1281_right.jpg,P1,max,10,1.093750e-02
1281_right.jpg,P1,max,11,0.000000e+00
1281_right.jpg,P1,max,12,9.375000e-03
1281_right.jpg,P1,max,13,1.562500e-03
1281_right.jpg,P1,max,14,0.000000e+00
1281_right.jpg,P1,max,15,0.000000e+00
1281_right.jpg,P1,max,16,2.343750e-03
1281_right.jpg,P1,max,17,7.812500e-04
1281_right.jpg,P1,max,18,6.250000e-03
1281_right.jpg,P1,max,19,7.812500e-04
1281_right.jpg,P1,max,20,1.562500e-03
1281_right.jpg,P1,max,21,2.656250e-02
1281_right.jpg,P1,max,22,7.421875e-03
1281_right.jpg,P1,max,23,3.906250e-04
1281_right.jpg,P1,max,24,3.906250e-04
1281_right.jpg,P1,max,25,0.000000e+00
1281_right.jpg,P1,max,26,3.984375e-02
1281_right.jpg,P1,max,27,1.992187e-02
1281_right.jpg,P1,max,28,7.812500e-04
1281_right.jpg,P1,max,29,3.125000e-03
1281_right.jpg,P1,max,30,8.593750e-03
1281_right.jpg,P1,max,31,1.171875e-03
1281_right.jpg,P1,max,32,0.000000e+00
1281_right.jpg,P1,max,33,1.562500e-03
1281_right.jpg,P1,max,34,9.765625e-03
1281_right.jpg,P1,max,35,2.734375e-03
1281_right.jpg,P1,max,36,3.906250e-04
1281_right.jpg,P1,max,37,0.000000e+00
1281_right.jpg,P1,max,38,0.000000e+00
1281_right.jpg,P1,max,39,0.000000e+00
1281_right.jpg,P1,max,40,0.000000e+00
1281_right.jpg,P1,max,41,0.000000e+00
1281_right.jpg,P1,max,42,3.515625e-03
1281_right.jpg,P1,max,43,2.734375e-03
1281_right.jpg,P1,max,44,2.187500e-02
1281_right.jpg,P1,max,45,0.000000e+00
1281_right.jpg,P1,max,46,1.562500e-03
1281_right.jpg,P1,max,47,5.000000e-02
1281_right.jpg,P1,max,48,1.171875e-02
1281_right.jpg,P1,max,49,1.171875e-03
1281_right.jpg,P1,max,50,0.000000e+00
1281_right.jpg,P1,max,51,3.906250e-04
1281_right.jpg,P1,max,52,3.906250e-04
1281_right.jpg,P1,max,53,3.906250e-04
1281_right.jpg,P1,max,54,7.812500e-03
1281_right.jpg,P1,max,55,5.859375e-03
1281_right.jpg,P1,max,56,0.000000e+00
1281_right.jpg,P1,max,57,7.812500e-04
1281_right.jpg,P1,max,58,3.906250e-03
1281_right.jpg,P1,max,59,0.000000e+00
1281_right.jpg,P1,max,60,1.562500e-03
1281_right.jpg,P1,max,61,3.906250e-04
1281_right.jpg,P1,max,62,2.343750e-03
1281_right.jpg,P1,max,63,7.812500e-04
1281_right.jpg,P1,max,64,3.125000e-03
1281_right.jpg,P1,max,65,0.000000e+00
1281_right.jpg,P1,max,66,7.812500e-04
1281_right.jpg,P1,max,67,7.812500e-04
1281_right.jpg,P1,max,68,1.953125e-03
1281_right.jpg,P1,max,69,7.812500e-04
1281_right.jpg,P1,max,70,3.125000e-03
1281_right.jpg,P1,max,71,1.171875e-03
1281_right.jpg,P1,max,72,3.906250e-04
1281_right.jpg,P1,max,73,3.906250e-04
1281_right.jpg,P1,max,74,0.000000e+00
1281_right.jpg,P1,max,75,3.906250e-04
1281_right.jpg,P1,max,76,2.187500e-02
1281_right.jpg,P1,max,77,7.812500e-03
1281_right.jpg,P1,max,78,3.906250e-04
1281_right.jpg,P1,max,79,2.304688e-02
1281_right.jpg,P1,max,80,0.000000e+00
1281_right.jpg,P1,max,81,3.906250e-04
1281_right.jpg,P1,max,82,7.812500e-04
1281_right.jpg,P1,max,83,1.171875e-03
1281_right.jpg,P1,max,84,9.765625e-03
1281_right.jpg,P1,max,85,0.000000e+00
1281_right.jpg,P1,max,86,7.812500e-04
1281_right.jpg,P1,max,87,1.953125e-03
1281_right.jpg,P1,max,88,2.734375e-03
1281_right.jpg,P1,max,89,3.906250e-03
1281_right.jpg,P1,max,90,7.812500e-04
1281_right.jpg,P1,max,91,7.812500e-03
1281_right.jpg,P1,max,92,5.078125e-03
1281_right.jpg,P1,max,93,1.171875e-03
1281_right.jpg,P1,max,94,7.421875e-03
1281_right.jpg,P1,max,95,3.906250e-04
1281_right.jpg,P1,max,96,3.906250e-04
1281_right.jpg,P1,max,97,1.250000e-02
1281_right.jpg,P1,max,98,5.078125e-03
1281_right.jpg,P1,max,99,0.000000e+00
1281_right.jpg,P1,max,100,2.382812e-02
1281_right.jpg,P1,max,101,1.562500e-03
1281_right.jpg,P1,max,102,1.171875e-03
1281_right.jpg,P1,max,103,3.906250e-04
1281_right.jpg,P1,max,104,0.000000e+00
1281_right.jpg,P1,max,105,0.000000e+00
1281_right.jpg,P1,max,106,1.953125e-03
1281_right.jpg,P1,max,107,3.906250e-04
1281_right.jpg,P1,max,108,1.953125e-03
1281_right.jpg,P1,max,109,3.906250e-04
1281_right.jpg,P1,max,110,2.343750e-03
1281_right.jpg,P1,max,111,1.562500e-03
1281_right.jpg,P1,max,112,1.562500e-03
1281_right.jpg,P1,max,113,4.687500e-03
1281_right.jpg,P1,max,114,2.343750e-03
1281_right.jpg,P1,max,115,3.906250e-04
1281_right.jpg,P1,max,116,7.812500e-04
1281_right.jpg,P1,max,117,2.343750e-03
1281_right.jpg,P1,max,118,1.953125e-03
1281_right.jpg,P1,max,119,0.000000e+00
1281_right.jpg,P1,max,120,0.000000e+00
1281_right.jpg,P1,max,121,3.906250e-03
1281_right.jpg,P1,max,122,7.812500e-04
1281_right.jpg,P1,max,123,3.906250e-04
1281_right.jpg,P1,max,124,4.687500e-03
1281_right.jpg,P1,max,125,3.906250e-04
1281_right.jpg,P1,max,126,7.812500e-04
1281_right.jpg,P1,max,127,1.953125e-03
1281_right.jpg,P1,max,128,0.000000e+00
1281_right.jpg,P1,max,129,0.000000e+00
1281_right.jpg,P1,max,130,3.906250e-04
1281_right.jpg,P1,max,131,1.171875e-03
1281_right.jpg,P1,max,132,0.000000e+00
1281_right.jpg,P1,max,133,3.906250e-04
1281_right.jpg,P1,max,134,7.812500e-04
1281_right.jpg,P1,max,135,0.000000e+00
1281_right.jpg,P1,max,136,1.953125e-03
1281_right.jpg,P1,max,137,3.906250e-04
1281_right.jpg,P1,max,138,1.953125e-03
1281_right.jpg,P1,max,139,7.812500e-04
1281_right.jpg,P1,max,140,2.734375e-03
1281_right.jpg,P1,max,141,1.562500e-03
1281_right.jpg,P1,max,142,1.914063e-02
1281_right.jpg,P1,max,143,5.039062e-02
1281_right.jpg,P1,max,144,1.835937e-02
1281_right.jpg,P1,max,145,2.734375e-03
1281_right.jpg,P1,max,146,1.015625e-02
1281_right.jpg,P1,max,147,3.906250e-04
1281_right.jpg,P1,max,148,2.343750e-03
1281_right.jpg,P1,max,149,0.000000e+00
1281_right.jpg,P1,max,150,1.171875e-03
1281_right.jpg,P1,max,151,3.125000e-03
1281_right.jpg,P1,max,152,2.734375e-03
1281_right.jpg,P1,max,153,3.906250e-04
1281_right.jpg,P1,max,154,7.812500e-04
1281_right.jpg,P1,max,155,3.906250e-04
1281_right.jpg,P1,max,156,1.562500e-03
1281_right.jpg,P1,max,157,8.203125e-03
1281_right.jpg,P1,max,158,2.343750e-03
1281_right.jpg,P1,max,159,3.125000e-03
1281_right.jpg,P1,max,160,4.296875e-03
1281_right.jpg,P1,max,161,0.000000e+00
1281_right.jpg,P1,max,162,0.000000e+00
1281_right.jpg,P1,max,163,1.640625e-02
1281_right.jpg,P1,max,164,0.000000e+00
1281_right.jpg,P1,max,165,0.000000e+00
1281_right.jpg,P1,max,166,1.171875e-03
1281_right.jpg,P1,max,167,0.000000e+00
1281_right.jpg,P1,max,168,1.953125e-03
1281_right.jpg,P1,max,169,1.171875e-03
1281_right.jpg,P1,max,170,1.953125e-03
1281_right.jpg,P1,max,171,0.000000e+00
1281_right.jpg,P1,max,172,1.562500e-03
1281_right.jpg,P1,max,173,4.687500e-03
1281_right.jpg,P1,max,174,9.765625e-03
1281_right.jpg,P1,max,175,1.171875e-03
1281_right.jpg,P1,max,176,1.953125e-03
1281_right.jpg,P1,max,177,3.906250e-04
1281_right.jpg,P1,max,178,3.906250e-04
1281_right.jpg,P1,max,179,0.000000e+00
1281_right.jpg,P1,max,180,7.812500e-04
1281_right.jpg,P1,max,181,3.906250e-04
1281_right.jpg,P1,max,182,0.000000e+00
1281_right.jpg,P1,max,183,1.562500e-03
1281_right.jpg,P1,max,184,3.906250e-04
1281_right.jpg,P1,max,185,4.296875e-03
1281_right.jpg,P1,max,186,3.906250e-04
1281_right.jpg,P1,max,187,1.953125e-03
1281_right.jpg,P1,max,188,9.765625e-03
1281_right.jpg,P1,max,189,4.687500e-02
1281_right.jpg,P1,max,190,1.953125e-03
1281_right.jpg,P1,max,191,1.562500e-03
1281_right.jpg,P1,max,192,3.906250e-04
1281_right.jpg,P1,max,193,2.382812e-02
1281_right.jpg,P1,max,194,2.343750e-03
1281_right.jpg,P1,max,195,3.906250e-04
1281_right.jpg,P1,max,196,1.953125e-03
1281_right.jpg,P1,max,197,3.906250e-03
1281_right.jpg,P1,max,198,0.000000e+00
1281_right.jpg,P1,max,199,3.906250e-04
1281_right.jpg,P1,max,200,1.171875e-03
1281_right.jpg,P1,max,201,1.171875e-03
1281_right.jpg,P1,max,202,2.734375e-02
1281_right.jpg,P1,max,203,1.953125e-03
1281_right.jpg,P1,max,204,3.906250e-04
1281_right.jpg,P1,max,205,1.562500e-03
1281_right.jpg,P1,max,206,1.484375e-02
1281_right.jpg,P1,max,207,0.000000e+00
1281_right.jpg,P1,max,208,3.125000e-03
1281_right.jpg,P1,max,209,7.812500e-04
1281_right.jpg,P1,max,210,7.812500e-04
1281_right.jpg,P1,max,211,3.125000e-03
1281_right.jpg,P1,max,212,0.000000e+00
1281_right.jpg,P1,max,213,7.812500e-04
1281_right.jpg,P1,max,214,8.593750e-03
1281_right.jpg,P1,max,215,7.812500e-04
1281_right.jpg,P1,max,216,0.000000e+00
1281_right.jpg,P1,max,217,7.812500e-04
1281_right.jpg,P1,max,218,0.000000e+00
1281_right.jpg,P1,max,219,1.562500e-03
1281_right.jpg,P1,max,220,8.593750e-03
1281_right.jpg,P1,max,221,1.171875e-03
1281_right.jpg,P1,max,222,0.000000e+00
1281_right.jpg,P1,max,223,3.906250e-04
1281_right.jpg,P1,max,224,7.812500e-04
1281_right.jpg,P1,max,225,4.687500e-03
1281_right.jpg,P1,max,226,3.906250e-04
1281_right.jpg,P1,max,227,1.562500e-03
1281_right.jpg,P1,max,228,4.296875e-03
1281_right.jpg,P1,max,229,1.015625e-02
1281_right.jpg,P1,max,230,1.953125e-03
1281_right.jpg,P1,max,231,1.171875e-03
1281_right.jpg,P1,max,232,3.906250e-04
1281_right.jpg,P1,max,233,1.171875e-03
1281_right.jpg,P1,max,234,6.953125e-02
1281_right.jpg,P1,max,235,5.078125e-03
1281_right.jpg,P1,max,236,6.640625e-03
1281_right.jpg,P1,max,237,1.953125e-03
1281_right.jpg,P1,max,238,8.593750e-03
1281_right.jpg,P1,max,239,1.171875e-03
1281_right.jpg,P1,max,240,3.906250e-04
1281_right.jpg,P1,max,241,0.000000e+00
1281_right.jpg,P1,max,242,3.125000e-03
1281_right.jpg,P1,max,243,0.000000e+00
1281_right.jpg,P1,max,244,2.343750e-03
1281_right.jpg,P1,max,245,7.812500e-04
1281_right.jpg,P1,max,246,7.812500e-04
1281_right.jpg,P1,max,247,1.328125e-02
1281_right.jpg,P1,max,248,1.562500e-03
1281_right.jpg,P1,max,249,1.953125e-03
1281_right.jpg,P1,max,250,1.171875e-03
1281_right.jpg,P1,max,251,3.906250e-04
1281_right.jpg,P1,max,252,2.343750e-03
1281_right.jpg,P1,max,253,3.906250e-04
1281_right.jpg,P1,max,254,1.562500e-03
1281_right.jpg,P1,max,255,1.171875e-03
1281_right.jpg,P1,topk,0,0.000000e+00
1281_right.jpg,P1,topk,1,0.000000e+00
1281_right.jpg,P1,topk,2,0.000000e+00
1281_right.jpg,P1,topk,3,0.000000e+00
1281_right.jpg,P1,topk,4,0.000000e+00
1281_right.jpg,P1,topk,5,0.000000e+00
1281_right.jpg,P1,topk,6,0.000000e+00
1281_right.jpg,P1,topk,7,0.000000e+00
1281_right.jpg,P1,topk,8,0.000000e+00
1281_right.jpg,P1,topk,9,0.000000e+00
1281_right.jpg,P1,topk,10,0.000000e+00
1281_right.jpg,P1,topk,11,0.000000e+00
1281_right.jpg,P1,topk,12,0.000000e+00
1281_right.jpg,P1,topk,13,0.000000e+00
1281_right.jpg,P1,topk,14,0.000000e+00
1281_right.jpg,P1,topk,15,0.000000e+00
1281_right.jpg,P1,topk,16,0.000000e+00
1281_right.jpg,P1,topk,17,0.000000e+00
1281_right.jpg,P1,topk,18,0.000000e+00
1281_right.jpg,P1,topk,19,0.000000e+00
1281_right.jpg,P1,topk,20,0.000000e+00
1281_right.jpg,P1,topk,21,4.000000e-02
1281_right.jpg,P1,topk,22,0.000000e+00
1281_right.jpg,P1,topk,23,0.000000e+00
1281_right.jpg,P1,topk,24,0.000000e+00
1281_right.jpg,P1,topk,25,0.000000e+00
1281_right.jpg,P1,topk,26,4.000000e-02
1281_right.jpg,P1,topk,27,4.000000e-02
1281_right.jpg,P1,topk,28,0.000000e+00
1281_right.jpg,P1,topk,29,0.000000e+00
1281_right.jpg,P1,topk,30,4.000000e-02
1281_right.jpg,P1,topk,31,0.000000e+00
1281_right.jpg,P1,topk,32,0.000000e+00
1281_right.jpg,P1,topk,33,0.000000e+00
1281_right.jpg,P1,topk,34,0.000000e+00
1281_right.jpg,P1,topk,35,0.000000e+00
1281_right.jpg,P1,topk,36,0.000000e+00
1281_right.jpg,P1,topk,37,0.000000e+00
1281_right.jpg,P1,topk,38,0.000000e+00
1281_right.jpg,P1,topk,39,0.000000e+00
1281_right.jpg,P1,topk,40,0.000000e+00
1281_right.jpg,P1,topk,41,0.000000e+00
1281_right.jpg,P1,topk,42,0.000000e+00
1281_right.jpg,P1,topk,43,0.000000e+00
1281_right.jpg,P1,topk,44,4.000000e-02
1281_right.jpg,P1,topk,45,0.000000e+00
1281_right.jpg,P1,topk,46,0.000000e+00
1281_right.jpg,P1,topk,47,4.000000e-02
1281_right.jpg,P1,topk,48,0.000000e+00
1281_right.jpg,P1,topk,49,0.000000e+00
1281_right.jpg,P1,topk,50,0.000000e+00
1281_right.jpg,P1,topk,51,0.000000e+00
1281_right.jpg,P1,topk,52,0.000000e+00
1281_right.jpg,P1,topk,53,0.000000e+00
1281_right.jpg,P1,topk,54,0.000000e+00
1281_right.jpg,P1,topk,55,0.000000e+00
1281_right.jpg,P1,topk,56,0.000000e+00
1281_right.jpg,P1,topk,57,0.000000e+00
1281_right.jpg,P1,topk,58,0.000000e+00
1281_right.jpg,P1,topk,59,0.000000e+00
1281_right.jpg,P1,topk,60,0.000000e+00
1281_right.jpg,P1,topk,61,0.000000e+00
1281_right.jpg,P1,topk,62,0.000000e+00
1281_right.jpg,P1,topk,63,0.000000e+00
1281_right.jpg,P1,topk,64,0.000000e+00
1281_right.jpg,P1,topk,65,0.000000e+00
1281_right.jpg,P1,topk,66,0.000000e+00
1281_right.jpg,P1,topk,67,0.000000e+00
1281_right.jpg,P1,topk,68,0.000000e+00
1281_right.jpg,P1,topk,69,0.000000e+00
1281_right.jpg,P1,topk,70,0.000000e+00
1281_right.jpg,P1,topk,71,0.000000e+00
1281_right.jpg,P1,topk,72,0.000000e+00
1281_right.jpg,P1,topk,73,0.000000e+00
1281_right.jpg,P1,topk,74,0.000000e+00
1281_right.jpg,P1,topk,75,0.000000e+00
1281_right.jpg,P1,topk,76,4.000000e-02
1281_right.jpg,P1,topk,77,0.000000e+00
1281_right.jpg,P1,topk,78,0.000000e+00
1281_right.jpg,P1,topk,79,4.000000e-02
1281_right.jpg,P1,topk,80,0.000000e+00
1281_right.jpg,P1,topk,81,0.000000e+00
1281_right.jpg,P1,topk,82,0.000000e+00
1281_right.jpg,P1,topk,83,0.000000e+00
1281_right.jpg,P1,topk,84,0.000000e+00
1281_right.jpg,P1,topk,85,0.000000e+00
1281_right.jpg,P1,topk,86,0.000000e+00
1281_right.jpg,P1,topk,87,0.000000e+00
1281_right.jpg,P1,topk,88,0.000000e+00
1281_right.jpg,P1,topk,89,0.000000e+00
1281_right.jpg,P1,topk,90,0.000000e+00
1281_right.jpg,P1,topk,91,0.000000e+00
1281_right.jpg,P1,topk,92,0.000000e+00
1281_right.jpg,P1,topk,93,0.000000e+00
1281_right.jpg,P1,topk,94,0.000000e+00
1281_right.jpg,P1,topk,95,0.000000e+00
1281_right.jpg,P1,topk,96,0.000000e+00
1281_right.jpg,P1,topk,97,4.000000e-02
1281_right.jpg,P1,topk,98,0.000000e+00
1281_right.jpg,P1,topk,99,0.000000e+00
1281_right.jpg,P1,topk,100,4.000000e-02
1281_right.jpg,P1,topk,101,0.000000e+00
1281_right.jpg,P1,topk,102,0.000000e+00
1281_right.jpg,P1,topk,103,0.000000e+00
1281_right.jpg,P1,topk,104,0.000000e+00
1281_right.jpg,P1,topk,105,0.000000e+00
1281_right.jpg,P1,topk,106,0.000000e+00
1281_right.jpg,P1,topk,107,0.000000e+00
1281_right.jpg,P1,topk,108,0.000000e+00
1281_right.jpg,P1,topk,109,0.000000e+00
1281_right.jpg,P1,topk,110,0.000000e+00
1281_right.jpg,P1,topk,111,0.000000e+00
1281_right.jpg,P1,topk,112,0.000000e+00
1281_right.jpg,P1,topk,113,0.000000e+00
1281_right.jpg,P1,topk,114,0.000000e+00
1281_right.jpg,P1,topk,115,0.000000e+00
1281_right.jpg,P1,topk,116,0.000000e+00
1281_right.jpg,P1,topk,117,0.000000e+00
1281_right.jpg,P1,topk,118,0.000000e+00
1281_right.jpg,P1,topk,119,0.000000e+00
1281_right.jpg,P1,topk,120,0.000000e+00
1281_right.jpg,P1,topk,121,0.000000e+00
1281_right.jpg,P1,topk,122,0.000000e+00
1281_right.jpg,P1,topk,123,0.000000e+00
1281_right.jpg,P1,topk,124,0.000000e+00
1281_right.jpg,P1,topk,125,0.000000e+00
1281_right.jpg,P1,topk,126,0.000000e+00
1281_right.jpg,P1,topk,127,0.000000e+00
1281_right.jpg,P1,topk,128,0.000000e+00
1281_right.jpg,P1,topk,129,0.000000e+00
1281_right.jpg,P1,topk,130,0.000000e+00
1281_right.jpg,P1,topk,131,0.000000e+00
1281_right.jpg,P1,topk,132,0.000000e+00
1281_right.jpg,P1,topk,133,0.000000e+00
1281_right.jpg,P1,topk,134,0.000000e+00
1281_right.jpg,P1,topk,135,0.000000e+00
1281_right.jpg,P1,topk,136,0.000000e+00
1281_right.jpg,P1,topk,137,0.000000e+00
1281_right.jpg,P1,topk,138,0.000000e+00
1281_right.jpg,P1,topk,139,0.000000e+00
1281_right.jpg,P1,topk,140,0.000000e+00
1281_right.jpg,P1,topk,141,0.000000e+00
1281_right.jpg,P1,topk,142,4.000000e-02
1281_right.jpg,P1,topk,143,4.000000e-02
1281_right.jpg,P1,topk,144,4.000000e-02
1281_right.jpg,P1,topk,145,0.000000e+00
1281_right.jpg,P1,topk,146,0.000000e+00
1281_right.jpg,P1,topk,147,0.000000e+00
1281_right.jpg,P1,topk,148,0.000000e+00
1281_right.jpg,P1,topk,149,0.000000e+00
1281_right.jpg,P1,topk,150,0.000000e+00
1281_right.jpg,P1,topk,151,0.000000e+00
1281_right.jpg,P1,topk,152,0.000000e+00
1281_right.jpg,P1,topk,153,0.000000e+00
1281_right.jpg,P1,topk,154,0.000000e+00
1281_right.jpg,P1,topk,155,0.000000e+00
1281_right.jpg,P1,topk,156,0.000000e+00
1281_right.jpg,P1,topk,157,0.000000e+00
1281_right.jpg,P1,topk,158,0.000000e+00
1281_right.jpg,P1,topk,159,0.000000e+00
1281_right.jpg,P1,topk,160,0.000000e+00
1281_right.jpg,P1,topk,161,0.000000e+00
1281_right.jpg,P1,topk,162,0.000000e+00
1281_right.jpg,P1,topk,163,4.000000e-02
1281_right.jpg,P1,topk,164,0.000000e+00
1281_right.jpg,P1,topk,165,0.000000e+00
1281_right.jpg,P1,topk,166,0.000000e+00
1281_right.jpg,P1,topk,167,0.000000e+00
1281_right.jpg,P1,topk,168,0.000000e+00
1281_right.jpg,P1,topk,169,0.000000e+00
1281_right.jpg,P1,topk,170,0.000000e+00
1281_right.jpg,P1,topk,171,0.000000e+00
1281_right.jpg,P1,topk,172,0.000000e+00
1281_right.jpg,P1,topk,173,0.000000e+00
1281_right.jpg,P1,topk,174,4.000000e-02
1281_right.jpg,P1,topk,175,0.000000e+00
1281_right.jpg,P1,topk,176,0.000000e+00
1281_right.jpg,P1,topk,177,0.000000e+00
1281_right.jpg,P1,topk,178,0.000000e+00
1281_right.jpg,P1,topk,179,0.000000e+00
1281_right.jpg,P1,topk,180,0.000000e+00
1281_right.jpg,P1,topk,181,0.000000e+00
1281_right.jpg,P1,topk,182,0.000000e+00
1281_right.jpg,P1,topk,183,0.000000e+00
1281_right.jpg,P1,topk,184,0.000000e+00
1281_right.jpg,P1,topk,185,0.000000e+00
1281_right.jpg,P1,topk,186,0.000000e+00
1281_right.jpg,P1,topk,187,0.000000e+00
1281_right.jpg,P1,topk,188,4.000000e-02
1281_right.jpg,P1,topk,189,4.000000e-02
1281_right.jpg,P1,topk,190,0.000000e+00
1281_right.jpg,P1,topk,191,0.000000e+00
1281_right.jpg,P1,topk,192,0.000000e+00
1281_right.jpg,P1,topk,193,4.000000e-02
1281_right.jpg,P1,topk,194,0.000000e+00
1281_right.jpg,P1,topk,195,0.000000e+00
1281_right.jpg,P1,topk,196,0.000000e+00
1281_right.jpg,P1,topk,197,0.000000e+00
1281_right.jpg,P1,topk,198,0.000000e+00
1281_right.jpg,P1,topk,199,0.000000e+00
1281_right.jpg,P1,topk,200,0.000000e+00
1281_right.jpg,P1,topk,201,0.000000e+00
1281_right.jpg,P1,topk,202,4.000000e-02
1281_right.jpg,P1,topk,203,0.000000e+00
1281_right.jpg,P1,topk,204,0.000000e+00
1281_right.jpg,P1,topk,205,0.000000e+00
1281_right.jpg,P1,topk,206,4.000000e-02
1281_right.jpg,P1,topk,207,0.000000e+00
1281_right.jpg,P1,topk,208,0.000000e+00
1281_right.jpg,P1,topk,209,0.000000e+00
1281_right.jpg,P1,topk,210,0.000000e+00
1281_right.jpg,P1,topk,211,0.000000e+00
1281_right.jpg,P1,topk,212,0.000000e+00
1281_right.jpg,P1,topk,213,0.000000e+00
1281_right.jpg,P1,topk,214,4.000000e-02
1281_right.jpg,P1,topk,215,0.000000e+00
1281_right.jpg,P1,topk,216,0.000000e+00
1281_right.jpg,P1,topk,217,0.000000e+00
1281_right.jpg,P1,topk,218,0.000000e+00
1281_right.jpg,P1,topk,219,0.000000e+00
1281_right.jpg,P1,topk,220,0.000000e+00
1281_right.jpg,P1,topk,221,0.000000e+00
1281_right.jpg,P1,topk,222,0.000000e+00
1281_right.jpg,P1,topk,223,0.000000e+00
1281_right.jpg,P1,topk,224,0.000000e+00
1281_right.jpg,P1,topk,225,0.000000e+00
1281_right.jpg,P1,topk,226,0.000000e+00
1281_right.jpg,P1,topk,227,0.000000e+00
1281_right.jpg,P1,topk,228,0.000000e+00
1281_right.jpg,P1,topk,229,0.000000e+00
1281_right.jpg,P1,topk,230,0.000000e+00
1281_right.jpg,P1,topk,231,0.000000e+00
1281_right.jpg,P1,topk,232,0.000000e+00
1281_right.jpg,P1,topk,233,0.000000e+00
1281_right.jpg,P1,topk,234,4.000000e-02
1281_right.jpg,P1,topk,235,4.000000e-02
1281_right.jpg,P1,topk,236,0.000000e+00
1281_right.jpg,P1,topk,237,0.000000e+00
1281_right.jpg,P1,topk,238,4.000000e-02
1281_right.jpg,P1,topk,239,0.000000e+00
1281_right.jpg,P1,topk,240,0.000000e+00
1281_right.jpg,P1,topk,241,0.000000e+00
1281_right.jpg,P1,topk,242,0.000000e+00
1281_right.jpg,P1,topk,243,0.000000e+00
1281_right.jpg,P1,topk,244,0.000000e+00
1281_right.jpg,P1,topk,245,0.000000e+00
1281_right.jpg,P1,topk,246,0.000000e+00
1281_right.jpg,P1,topk,247,4.000000e-02
1281_right.jpg,P1,topk,248,0.000000e+00
1281_right.jpg,P1,topk,249,0.000000e+00
1281_right.jpg,P1,topk,250,0.000000e+00
1281_right.jpg,P1,topk,251,0.000000e+00
1281_right.jpg,P1,topk,252,0.000000e+00
1281_right.jpg,P1,topk,253,0.000000e+00
1281_right.jpg,P1,topk,254,0.000000e+00
1281_right.jpg,P1,topk,255,0.000000e+00
1281_right.jpg,P1,normw,0,3.228511e-03
1281_right.jpg,P1,normw,1,2.596257e-03
1281_right.jpg,P1,normw,2,3.414743e-03
1281_right.jpg,P1,normw,3,4.565672e-03
1281_right.jpg,P1,normw,4,3.587660e-03
1281_right.jpg,P1,normw,5,3.306212e-03
1281_right.jpg,P1,normw,6,4.354421e-03
1281_right.jpg,P1,normw,7,3.147090e-03
1281_right.jpg,P1,normw,8,4.207587e-03
1281_right.jpg,P1,normw,9,3.389646e-03
1281_right.jpg,P1,normw,10,4.992572e-03
1281_right.jpg,P1,normw,11,3.447170e-03
1281_right.jpg,P1,normw,12,4.863174e-03
1281_right.jpg,P1,normw,13,3.473133e-03
1281_right.jpg,P1,normw,14,3.005933e-03
1281_right.jpg,P1,normw,15,3.181048e-03
1281_right.jpg,P1,normw,16,3.698505e-03
1281_right.jpg,P1,normw,17,2.506385e-03
1281_right.jpg,P1,normw,18,4.154734e-03
1281_right.jpg,P1,normw,19,4.305635e-03
1281_right.jpg,P1,normw,20,3.363227e-03
1281_right.jpg,P1,normw,21,5.242866e-03
1281_right.jpg,P1,normw,22,4.754155e-03
1281_right.jpg,P1,normw,23,3.221380e-03
1281_right.jpg,P1,normw,24,3.255765e-03
1281_right.jpg,P1,normw,25,3.109957e-03
1281_right.jpg,P1,normw,26,6.244285e-03
1281_right.jpg,P1,normw,27,5.859128e-03
1281_right.jpg,P1,normw,28,3.547691e-03
1281_right.jpg,P1,normw,29,3.975385e-03
1281_right.jpg,P1,normw,30,5.277708e-03
1281_right.jpg,P1,normw,31,3.393079e-03
1281_right.jpg,P1,normw,32,3.264653e-03
1281_right.jpg,P1,normw,33,3.757714e-03
1281_right.jpg,P1,normw,34,4.355498e-03
1281_right.jpg,P1,normw,35,4.054732e-03
1281_right.jpg,P1,normw,36,3.095558e-03
1281_right.jpg,P1,normw,37,2.436352e-03
1281_right.jpg,P1,normw,38,2.718969e-03
1281_right.jpg,P1,normw,39,2.757510e-03
1281_right.jpg,P1,normw,40,2.622478e-03
1281_right.jpg,P1,normw,41,2.791092e-03
1281_right.jpg,P1,normw,42,4.194291e-03
1281_right.jpg,P1,normw,43,4.222753e-03
1281_right.jpg,P1,normw,44,5.606351e-03
1281_right.jpg,P1,normw,45,3.277177e-03
1281_right.jpg,P1,normw,46,3.974540e-03
1281_right.jpg,P1,normw,47,5.652643e-03
1281_right.jpg,P1,normw,48,4.462768e-03
1281_right.jpg,P1,normw,49,4.299227e-03
1281_right.jpg,P1,normw,50,3.681981e-03
1281_right.jpg,P1,normw,51,4.122855e-03
1281_right.jpg,P1,normw,52,3.184214e-03
1281_right.jpg,P1,normw,53,3.718088e-03
1281_right.jpg,P1,normw,54,4.727427e-03
1281_right.jpg,P1,normw,55,4.478697e-03
1281_right.jpg,P1,normw,56,3.333363e-03
1281_right.jpg,P1,normw,57,3.627298e-03
1281_right.jpg,P1,normw,58,4.733737e-03
1281_right.jpg,P1,normw,59,3.518937e-03
1281_right.jpg,P1,normw,60,3.924089e-03
1281_right.jpg,P1,normw,61,3.373443e-03
1281_right.jpg,P1,normw,62,4.116269e-03
1281_right.jpg,P1,normw,63,3.290514e-03
1281_right.jpg,P1,normw,64,4.279435e-03
1281_right.jpg,P1,normw,65,3.361003e-03
1281_right.jpg,P1,normw,66,3.434114e-03
1281_right.jpg,P1,normw,67,3.594016e-03
1281_right.jpg,P1,normw,68,2.974070e-03
1281_right.jpg,P1,normw,69,3.371543e-03
1281_right.jpg,P1,normw,70,4.056577e-03
1281_right.jpg,P1,normw,71,3.698614e-03
1281_right.jpg,P1,normw,72,3.058510e-03
1281_right.jpg,P1,normw,73,2.739925e-03
1281_right.jpg,P1,normw,74,3.489897e-03
1281_right.jpg,P1,normw,75,3.787719e-03
1281_right.jpg,P1,normw,76,5.402748e-03
1281_right.jpg,P1,normw,77,4.605765e-03
1281_right.jpg,P1,normw,78,3.709774e-03
1281_right.jpg,P1,normw,79,5.245192e-03
1281_right.jpg,P1,normw,80,3.726213e-03
1281_right.jpg,P1,normw,81,3.529249e-03
1281_right.jpg,P1,normw,82,4.089233e-03
1281_right.jpg,P1,normw,83,3.495131e-03
1281_right.jpg,P1,normw,84,4.741073e-03
1281_right.jpg,P1,normw,85,2.905894e-03
1281_right.jpg,P1,normw,86,4.019045e-03
1281_right.jpg,P1,normw,87,3.665393e-03
1281_right.jpg,P1,normw,88,4.018843e-03
1281_right.jpg,P1,normw,89,4.536881e-03
1281_right.jpg,P1,normw,90,3.323790e-03
1281_right.jpg,P1,normw,91,4.513516e-03
1281_right.jpg,P1,normw,92,4.387365e-03
1281_right.jpg,P1,normw,93,3.923815e-03
1281_right.jpg,P1,normw,94,4.986918e-03
1281_right.jpg,P1,normw,95,3.998531e-03
1281_right.jpg,P1,normw,96,3.288811e-03
1281_right.jpg,P1,normw,97,5.270051e-03
1281_right.jpg,P1,normw,98,4.849722e-03
1281_right.jpg,P1,normw,99,3.000261e-03
1281_right.jpg,P1,normw,100,5.529170e-03
1281_right.jpg,P1,normw,101,3.231792e-03
1281_right.jpg,P1,normw,102,3.470887e-03
1281_right.jpg,P1,normw,103,3.204676e-03
1281_right.jpg,P1,normw,104,2.881918e-03
1281_right.jpg,P1,normw,105,3.547429e-03
1281_right.jpg,P1,normw,106,3.850361e-03
1281_right.jpg,P1,normw,107,3.420112e-03
1281_right.jpg,P1,normw,108,3.668220e-03
1281_right.jpg,P1,normw,109,3.237303e-03
1281_right.jpg,P1,normw,110,3.182779e-03
1281_right.jpg,P1,normw,111,4.018819e-03
1281_right.jpg,P1,normw,112,4.387385e-03
1281_right.jpg,P1,normw,113,4.630022e-03
1281_right.jpg,P1,normw,114,4.178626e-03
1281_right.jpg,P1,normw,115,3.385441e-03
1281_right.jpg,P1,normw,116,4.037899e-03
1281_right.jpg,P1,normw,117,3.728973e-03
1281_right.jpg,P1,normw,118,3.693120e-03
1281_right.jpg,P1,normw,119,2.973070e-03
1281_right.jpg,P1,normw,120,3.057448e-03
1281_right.jpg,P1,normw,121,3.825397e-03
1281_right.jpg,P1,normw,122,3.513665e-03
1281_right.jpg,P1,normw,123,3.660385e-03
1281_right.jpg,P1,normw,124,4.957293e-03
1281_right.jpg,P1,normw,125,3.121556e-03
1281_right.jpg,P1,normw,126,3.670900e-03
1281_right.jpg,P1,normw,127,4.378830e-03
1281_right.jpg,P1,normw,128,2.965517e-03
1281_right.jpg,P1,normw,129,2.523794e-03
1281_right.jpg,P1,normw,130,2.637302e-03
1281_right.jpg,P1,normw,131,3.585005e-03
1281_right.jpg,P1,normw,132,3.207453e-03
1281_right.jpg,P1,normw,133,3.523753e-03
1281_right.jpg,P1,normw,134,3.330203e-03
1281_right.jpg,P1,normw,135,3.442357e-03
1281_right.jpg,P1,normw,136,3.661716e-03
1281_right.jpg,P1,normw,137,3.535666e-03
1281_right.jpg,P1,normw,138,3.917954e-03
1281_right.jpg,P1,normw,139,3.952207e-03
1281_right.jpg,P1,normw,140,4.103956e-03
1281_right.jpg,P1,normw,141,3.637332e-03
1281_right.jpg,P1,normw,142,5.706687e-03
1281_right.jpg,P1,normw,143,6.791921e-03
1281_right.jpg,P1,normw,144,6.016089e-03
1281_right.jpg,P1,normw,145,4.560314e-03
1281_right.jpg,P1,normw,146,5.012773e-03
1281_right.jpg,P1,normw,147,3.891353e-03
1281_right.jpg,P1,normw,148,3.889326e-03
1281_right.jpg,P1,normw,149,3.476300e-03
1281_right.jpg,P1,normw,150,3.608789e-03
1281_right.jpg,P1,normw,151,3.870954e-03
1281_right.jpg,P1,normw,152,3.967012e-03
1281_right.jpg,P1,normw,153,3.006416e-03
1281_right.jpg,P1,normw,154,3.247630e-03
1281_right.jpg,P1,normw,155,3.242114e-03
1281_right.jpg,P1,normw,156,3.759414e-03
1281_right.jpg,P1,normw,157,4.742860e-03
1281_right.jpg,P1,normw,158,4.173858e-03
1281_right.jpg,P1,normw,159,4.601619e-03
1281_right.jpg,P1,normw,160,4.393090e-03
1281_right.jpg,P1,normw,161,3.228951e-03
1281_right.jpg,P1,normw,162,3.330438e-03
1281_right.jpg,P1,normw,163,5.263508e-03
1281_right.jpg,P1,normw,164,2.743703e-03
1281_right.jpg,P1,normw,165,2.775703e-03
1281_right.jpg,P1,normw,166,3.675701e-03
1281_right.jpg,P1,normw,167,3.341681e-03
1281_right.jpg,P1,normw,168,4.592268e-03
1281_right.jpg,P1,normw,169,3.662667e-03
1281_right.jpg,P1,normw,170,4.542530e-03
1281_right.jpg,P1,normw,171,3.146593e-03
1281_right.jpg,P1,normw,172,3.863906e-03
1281_right.jpg,P1,normw,173,4.896713e-03
1281_right.jpg,P1,normw,174,5.087356e-03
1281_right.jpg,P1,normw,175,3.944551e-03
1281_right.jpg,P1,normw,176,4.506013e-03
1281_right.jpg,P1,normw,177,4.079796e-03
1281_right.jpg,P1,normw,178,3.696831e-03
1281_right.jpg,P1,normw,179,3.528265e-03
1281_right.jpg,P1,normw,180,3.937654e-03
1281_right.jpg,P1,normw,181,4.348503e-03
1281_right.jpg,P1,normw,182,3.003735e-03
1281_right.jpg,P1,normw,183,4.267995e-03
1281_right.jpg,P1,normw,184,3.435516e-03
1281_right.jpg,P1,normw,185,5.046762e-03
1281_right.jpg,P1,normw,186,3.297477e-03
1281_right.jpg,P1,normw,187,4.166328e-03
1281_right.jpg,P1,normw,188,5.082435e-03
1281_right.jpg,P1,normw,189,6.957205e-03
1281_right.jpg,P1,normw,190,4.736615e-03
1281_right.jpg,P1,normw,191,3.836848e-03
1281_right.jpg,P1,normw,192,2.839778e-03
1281_right.jpg,P1,normw,193,5.836283e-03
1281_right.jpg,P1,normw,194,4.040462e-03
1281_right.jpg,P1,normw,195,3.553302e-03
1281_right.jpg,P1,normw,196,3.797838e-03
1281_right.jpg,P1,normw,197,4.291707e-03
1281_right.jpg,P1,normw,198,2.962704e-03
1281_right.jpg,P1,normw,199,3.299627e-03
1281_right.jpg,P1,normw,200,3.957805e-03
1281_right.jpg,P1,normw,201,3.907094e-03
1281_right.jpg,P1,normw,202,6.361324e-03
1281_right.jpg,P1,normw,203,3.644837e-03
1281_right.jpg,P1,normw,204,3.029066e-03
1281_right.jpg,P1,normw,205,4.158482e-03
1281_right.jpg,P1,normw,206,5.357369e-03
1281_right.jpg,P1,normw,207,3.835738e-03
1281_right.jpg,P1,normw,208,3.927471e-03
1281_right.jpg,P1,normw,209,4.207181e-03
1281_right.jpg,P1,normw,210,3.853008e-03
1281_right.jpg,P1,normw,211,4.213750e-03
1281_right.jpg,P1,normw,212,3.457301e-03
1281_right.jpg,P1,normw,213,4.359898e-03
1281_right.jpg,P1,normw,214,5.144102e-03
1281_right.jpg,P1,normw,215,3.131078e-03
1281_right.jpg,P1,normw,216,2.968193e-03
1281_right.jpg,P1,normw,217,3.124709e-03
1281_right.jpg,P1,normw,218,3.468547e-03
1281_right.jpg,P1,normw,219,3.996941e-03
1281_right.jpg,P1,normw,220,4.438777e-03
1281_right.jpg,P1,normw,221,4.175928e-03
1281_right.jpg,P1,normw,222,3.272770e-03
1281_right.jpg,P1,normw,223,2.896471e-03
1281_right.jpg,P1,normw,224,3.531228e-03
1281_right.jpg,P1,normw,225,4.759653e-03
1281_right.jpg,P1,normw,226,3.600921e-03
1281_right.jpg,P1,normw,227,4.164724e-03
1281_right.jpg,P1,normw,228,4.610826e-03
1281_right.jpg,P1,normw,229,5.039992e-03
1281_right.jpg,P1,normw,230,4.151179e-03
1281_right.jpg,P1,normw,231,4.381875e-03
1281_right.jpg,P1,normw,232,2.925176e-03
1281_right.jpg,P1,normw,233,3.361883e-03
1281_right.jpg,P1,normw,234,6.403069e-03
1281_right.jpg,P1,normw,235,5.082206e-03
1281_right.jpg,P1,normw,236,4.952291e-03
1281_right.jpg,P1,normw,237,4.763779e-03
1281_right.jpg,P1,normw,238,5.390248e-03
1281_right.jpg,P1,normw,239,3.011005e-03
1281_right.jpg,P1,normw,240,3.171949e-03
1281_right.jpg,P1,normw,241,3.084518e-03
1281_right.jpg,P1,normw,242,3.808846e-03
1281_right.jpg,P1,normw,243,3.392799e-03
1281_right.jpg,P1,normw,244,3.964355e-03
1281_right.jpg,P1,normw,245,3.615838e-03
1281_right.jpg,P1,normw,246,3.563373e-03
1281_right.jpg,P1,normw,247,5.694528e-03
1281_right.jpg,P1,normw,248,3.912379e-03
1281_right.jpg,P1,normw,249,3.407583e-03
1281_right.jpg,P1,normw,250,2.912656e-03
1281_right.jpg,P1,normw,251,3.123358e-03
1281_right.jpg,P1,normw,252,4.058930e-03
1281_right.jpg,P1,normw,253,2.531540e-03
1281_right.jpg,P1,normw,254,2.735477e-03
1281_right.jpg,P1,normw,255,3.807318e-03
1281_right.jpg,P1,attn,0,3.773701e-03
1281_right.jpg,P1,attn,1,4.251190e-03
1281_right.jpg,P1,attn,2,7.277852e-04
1281_right.jpg,P1,attn,3,1.771329e-03
1281_right.jpg,P1,attn,4,2.522219e-04
1281_right.jpg,P1,attn,5,9.934846e-04
1281_right.jpg,P1,attn,6,2.291176e-04
1281_right.jpg,P1,attn,7,6.777259e-04
1281_right.jpg,P1,attn,8,3.327018e-03
1281_right.jpg,P1,attn,9,4.235787e-04
1281_right.jpg,P1,attn,10,2.945797e-04
1281_right.jpg,P1,attn,11,2.125595e-03
1281_right.jpg,P1,attn,12,6.238159e-04
1281_right.jpg,P1,attn,13,4.651664e-03
1281_right.jpg,P1,attn,14,2.156401e-03
1281_right.jpg,P1,attn,15,1.039693e-03
1281_right.jpg,P1,attn,16,1.948462e-03
1281_right.jpg,P1,attn,17,5.144556e-03
1281_right.jpg,P1,attn,18,9.434253e-04
1281_right.jpg,P1,attn,19,1.609599e-03
1281_right.jpg,P1,attn,20,4.466830e-04
1281_right.jpg,P1,attn,21,1.817538e-03
1281_right.jpg,P1,attn,22,2.435577e-04
1281_right.jpg,P1,attn,23,1.663509e-03
1281_right.jpg,P1,attn,24,1.971566e-03
1281_right.jpg,P1,attn,25,2.757112e-03
1281_right.jpg,P1,attn,26,5.198466e-04
1281_right.jpg,P1,attn,27,5.352495e-04
1281_right.jpg,P1,attn,28,2.803321e-03
1281_right.jpg,P1,attn,29,8.818138e-04
1281_right.jpg,P1,attn,30,1.332348e-03
1281_right.jpg,P1,attn,31,2.094789e-03
1281_right.jpg,P1,attn,32,1.340049e-03
1281_right.jpg,P1,attn,33,9.241717e-04
1281_right.jpg,P1,attn,34,1.370855e-03
1281_right.jpg,P1,attn,35,1.709718e-03
1281_right.jpg,P1,attn,36,5.313987e-04
1281_right.jpg,P1,attn,37,7.331762e-03
1281_right.jpg,P1,attn,38,3.604270e-03
1281_right.jpg,P1,attn,39,3.665881e-03
1281_right.jpg,P1,attn,40,2.433652e-03
1281_right.jpg,P1,attn,41,4.713276e-03
1281_right.jpg,P1,attn,42,2.757112e-03
1281_right.jpg,P1,attn,43,6.777259e-03
1281_right.jpg,P1,attn,44,3.034364e-03
1281_right.jpg,P1,attn,45,8.047996e-04
1281_right.jpg,P1,attn,46,4.678619e-04
1281_right.jpg,P1,attn,47,1.213745e-02
1281_right.jpg,P1,attn,48,7.793848e-03
1281_right.jpg,P1,attn,49,2.787918e-03
1281_right.jpg,P1,attn,50,1.239930e-03
1281_right.jpg,P1,attn,51,7.893967e-04
1281_right.jpg,P1,attn,52,3.176840e-04
1281_right.jpg,P1,attn,53,9.434253e-04
1281_right.jpg,P1,attn,54,3.754448e-04
1281_right.jpg,P1,attn,55,1.902253e-03
1281_right.jpg,P1,attn,56,2.033178e-03
1281_right.jpg,P1,attn,57,1.725120e-03
1281_right.jpg,P1,attn,58,5.236973e-04
1281_right.jpg,P1,attn,59,1.973492e-04
1281_right.jpg,P1,attn,60,8.009488e-04
1281_right.jpg,P1,attn,61,1.948462e-03
1281_right.jpg,P1,attn,62,7.316360e-04
1281_right.jpg,P1,attn,63,3.330869e-04
1281_right.jpg,P1,attn,64,1.232229e-03
1281_right.jpg,P1,attn,65,1.447869e-03
1281_right.jpg,P1,attn,66,1.016589e-03
1281_right.jpg,P1,attn,67,1.417063e-02
1281_right.jpg,P1,attn,68,2.137147e-04
1281_right.jpg,P1,attn,69,2.726306e-03
1281_right.jpg,P1,attn,70,1.871448e-03
1281_right.jpg,P1,attn,71,6.161145e-04
1281_right.jpg,P1,attn,72,2.714754e-04
1281_right.jpg,P1,attn,73,1.763628e-03
1281_right.jpg,P1,attn,74,1.116707e-03
1281_right.jpg,P1,attn,75,1.709718e-03
1281_right.jpg,P1,attn,76,4.035550e-03
1281_right.jpg,P1,attn,77,1.316945e-03
1281_right.jpg,P1,attn,78,1.902253e-03
1281_right.jpg,P1,attn,79,5.891595e-04
1281_right.jpg,P1,attn,80,7.701431e-03
1281_right.jpg,P1,attn,81,2.387444e-04
1281_right.jpg,P1,attn,82,2.541472e-04
1281_right.jpg,P1,attn,83,2.741709e-03
1281_right.jpg,P1,attn,84,4.255041e-04
1281_right.jpg,P1,attn,85,4.774887e-04
1281_right.jpg,P1,attn,86,8.972167e-04
1281_right.jpg,P1,attn,87,4.332055e-04
1281_right.jpg,P1,attn,88,6.122637e-04
1281_right.jpg,P1,attn,89,4.601605e-04
1281_right.jpg,P1,attn,90,1.263035e-03
1281_right.jpg,P1,attn,91,1.010428e-02
1281_right.jpg,P1,attn,92,1.971566e-02
1281_right.jpg,P1,attn,93,2.957349e-03
1281_right.jpg,P1,attn,94,1.948462e-03
1281_right.jpg,P1,attn,95,1.678912e-03
1281_right.jpg,P1,attn,96,2.510666e-03
1281_right.jpg,P1,attn,97,1.324646e-03
1281_right.jpg,P1,attn,98,1.386258e-03
1281_right.jpg,P1,attn,99,1.355452e-02
1281_right.jpg,P1,attn,100,1.432466e-03
1281_right.jpg,P1,attn,101,1.686613e-03
1281_right.jpg,P1,attn,102,3.527255e-03
1281_right.jpg,P1,attn,103,1.571092e-03
1281_right.jpg,P1,attn,104,4.928916e-03
1281_right.jpg,P1,attn,105,1.755926e-03
1281_right.jpg,P1,attn,106,7.508895e-04
1281_right.jpg,P1,attn,107,5.729865e-03
1281_right.jpg,P1,attn,108,1.186020e-03
1281_right.jpg,P1,attn,109,1.532585e-03
1281_right.jpg,P1,attn,110,1.578793e-03
1281_right.jpg,P1,attn,111,4.035550e-03
1281_right.jpg,P1,attn,112,6.507709e-04
1281_right.jpg,P1,attn,113,5.198466e-04
1281_right.jpg,P1,attn,114,7.277852e-04
1281_right.jpg,P1,attn,115,1.594196e-03
1281_right.jpg,P1,attn,116,6.808065e-03
1281_right.jpg,P1,attn,117,3.908476e-04
1281_right.jpg,P1,attn,118,4.158773e-04
1281_right.jpg,P1,attn,119,1.332348e-03
1281_right.jpg,P1,attn,120,1.008887e-03
1281_right.jpg,P1,attn,121,4.601605e-04
1281_right.jpg,P1,attn,122,9.934846e-04
1281_right.jpg,P1,attn,123,4.158773e-04
1281_right.jpg,P1,attn,124,2.063984e-03
1281_right.jpg,P1,attn,125,3.080572e-03
1281_right.jpg,P1,attn,126,1.178319e-03
1281_right.jpg,P1,attn,127,4.744081e-03
1281_right.jpg,P1,attn,128,3.973939e-03
1281_right.jpg,P1,attn,129,2.864932e-03
1281_right.jpg,P1,attn,130,2.849529e-03
1281_right.jpg,P1,attn,131,1.186020e-03
1281_right.jpg,P1,attn,132,3.973939e-03
1281_right.jpg,P1,attn,133,9.919443e-03
1281_right.jpg,P1,attn,134,1.925358e-03
1281_right.jpg,P1,attn,135,1.239930e-03
1281_right.jpg,P1,attn,136,2.726306e-03
1281_right.jpg,P1,attn,137,5.891595e-04
1281_right.jpg,P1,attn,138,3.573464e-03
1281_right.jpg,P1,attn,139,5.729865e-03
1281_right.jpg,P1,attn,140,8.587096e-04
1281_right.jpg,P1,attn,141,4.678619e-04
1281_right.jpg,P1,attn,142,2.680098e-03
1281_right.jpg,P1,attn,143,7.162331e-04
1281_right.jpg,P1,attn,144,3.142184e-03
1281_right.jpg,P1,attn,145,1.147513e-03
1281_right.jpg,P1,attn,146,3.003558e-03
1281_right.jpg,P1,attn,147,9.549774e-04
1281_right.jpg,P1,attn,148,6.777259e-04
1281_right.jpg,P1,attn,149,6.345979e-03
1281_right.jpg,P1,attn,150,1.871448e-03
1281_right.jpg,P1,attn,151,6.130339e-03
1281_right.jpg,P1,attn,152,4.343607e-03
1281_right.jpg,P1,attn,153,8.356053e-04
1281_right.jpg,P1,attn,154,3.973939e-03
1281_right.jpg,P1,attn,155,1.286139e-03
1281_right.jpg,P1,attn,156,3.172989e-03
1281_right.jpg,P1,attn,157,5.236973e-04
1281_right.jpg,P1,attn,158,1.101305e-03
1281_right.jpg,P1,attn,159,9.364940e-03
1281_right.jpg,P1,attn,160,3.049767e-03
1281_right.jpg,P1,attn,161,1.871448e-03
1281_right.jpg,P1,attn,162,1.547988e-03
1281_right.jpg,P1,attn,163,5.236973e-03
1281_right.jpg,P1,attn,164,2.171803e-03
1281_right.jpg,P1,attn,165,2.140998e-03
1281_right.jpg,P1,attn,166,7.701431e-03
1281_right.jpg,P1,attn,167,2.695501e-03
1281_right.jpg,P1,attn,168,3.219198e-03
1281_right.jpg,P1,attn,169,6.199652e-04
1281_right.jpg,P1,attn,170,3.280810e-03
1281_right.jpg,P1,attn,171,2.649292e-03
1281_right.jpg,P1,attn,172,1.547988e-03
1281_right.jpg,P1,attn,173,1.209125e-03
1281_right.jpg,P1,attn,174,5.606642e-03
1281_right.jpg,P1,attn,175,4.189578e-03
1281_right.jpg,P1,attn,176,2.094789e-03
1281_right.jpg,P1,attn,177,8.810437e-03
1281_right.jpg,P1,attn,178,5.198466e-04
1281_right.jpg,P1,attn,179,1.186020e-03
1281_right.jpg,P1,attn,180,6.592425e-03
1281_right.jpg,P1,attn,181,2.418249e-03
1281_right.jpg,P1,attn,182,8.163517e-04
1281_right.jpg,P1,attn,183,2.726306e-03
1281_right.jpg,P1,attn,184,4.436024e-03
1281_right.jpg,P1,attn,185,5.545030e-03
1281_right.jpg,P1,attn,186,4.497636e-03
1281_right.jpg,P1,attn,187,9.118495e-03
1281_right.jpg,P1,attn,188,2.079386e-03
1281_right.jpg,P1,attn,189,1.809836e-03
1281_right.jpg,P1,attn,190,4.436024e-03
1281_right.jpg,P1,attn,191,1.617300e-03
1281_right.jpg,P1,attn,192,2.661614e-02
1281_right.jpg,P1,attn,193,1.010428e-02
1281_right.jpg,P1,attn,194,6.161145e-03
1281_right.jpg,P1,attn,195,8.933660e-03
1281_right.jpg,P1,attn,196,9.118495e-03
1281_right.jpg,P1,attn,197,2.310429e-03
1281_right.jpg,P1,attn,198,8.202024e-04
1281_right.jpg,P1,attn,199,3.481047e-03
1281_right.jpg,P1,attn,200,4.559247e-03
1281_right.jpg,P1,attn,201,7.793848e-03
1281_right.jpg,P1,attn,202,4.590053e-03
1281_right.jpg,P1,attn,203,7.200838e-04
1281_right.jpg,P1,attn,204,5.729865e-03
1281_right.jpg,P1,attn,205,1.065878e-02
1281_right.jpg,P1,attn,206,7.639819e-03
1281_right.jpg,P1,attn,207,4.633181e-02
1281_right.jpg,P1,attn,208,2.864932e-03
1281_right.jpg,P1,attn,209,1.096684e-02
1281_right.jpg,P1,attn,210,1.309243e-03
1281_right.jpg,P1,attn,211,6.199652e-04
1281_right.jpg,P1,attn,212,7.177734e-03
1281_right.jpg,P1,attn,213,5.421808e-03
1281_right.jpg,P1,attn,214,1.232229e-02
1281_right.jpg,P1,attn,215,1.039693e-03
1281_right.jpg,P1,attn,216,9.588281e-04
1281_right.jpg,P1,attn,217,7.778445e-04
1281_right.jpg,P1,attn,218,7.316360e-04
1281_right.jpg,P1,attn,219,3.804507e-03
1281_right.jpg,P1,attn,220,1.417063e-02
1281_right.jpg,P1,attn,221,1.986969e-03
1281_right.jpg,P1,attn,222,2.372041e-03
1281_right.jpg,P1,attn,223,2.957349e-03
1281_right.jpg,P1,attn,224,1.115167e-02
1281_right.jpg,P1,attn,225,5.545030e-03
1281_right.jpg,P1,attn,226,4.189578e-03
1281_right.jpg,P1,attn,227,4.004744e-03
1281_right.jpg,P1,attn,228,3.943133e-03
1281_right.jpg,P1,attn,229,5.421808e-03
1281_right.jpg,P1,attn,230,6.099533e-03
1281_right.jpg,P1,attn,231,4.713276e-03
1281_right.jpg,P1,attn,232,7.116122e-03
1281_right.jpg,P1,attn,233,1.971566e-03
1281_right.jpg,P1,attn,234,9.303329e-03
1281_right.jpg,P1,attn,235,4.466830e-03
1281_right.jpg,P1,attn,236,9.056883e-03
1281_right.jpg,P1,attn,237,7.855459e-03
1281_right.jpg,P1,attn,238,8.255934e-03
1281_right.jpg,P1,attn,239,1.546447e-02
1281_right.jpg,P1,attn,240,1.466352e-02
1281_right.jpg,P1,attn,241,1.712798e-02
1281_right.jpg,P1,attn,242,5.637447e-03
1281_right.jpg,P1,attn,243,9.180105e-03
1281_right.jpg,P1,attn,244,6.130339e-03
1281_right.jpg,P1,attn,245,2.248818e-03
1281_right.jpg,P1,attn,246,8.202024e-04
1281_right.jpg,P1,attn,247,4.713276e-03
1281_right.jpg,P1,attn,248,6.284368e-03
1281_right.jpg,P1,attn,249,1.170618e-02
1281_right.jpg,P1,attn,250,1.084362e-02
1281_right.jpg,P1,attn,251,2.205690e-02
1281_right.jpg,P1,attn,252,2.230334e-02
1281_right.jpg,P1,attn,253,9.118495e-03
1281_right.jpg,P1,attn,254,1.158295e-02
1281_right.jpg,P1,attn,255,1.651187e-02
1281_right.jpg,P1,rollout,0,7.283921e-03
1281_right.jpg,P1,rollout,1,1.975663e-03
1281_right.jpg,P1,rollout,2,1.946905e-03
1281_right.jpg,P1,rollout,3,2.808846e-03
1281_right.jpg,P1,rollout,4,3.017098e-03
1281_right.jpg,P1,rollout,5,5.579078e-03
1281_right.jpg,P1,rollout,6,5.820930e-03
1281_right.jpg,P1,rollout,7,6.699035e-03
1281_right.jpg,P1,rollout,8,1.226852e-02
1281_right.jpg,P1,rollout,9,5.370450e-03
1281_right.jpg,P1,rollout,10,4.710846e-03
1281_right.jpg,P1,rollout,11,5.624330e-03
1281_right.jpg,P1,rollout,12,1.522436e-03
1281_right.jpg,P1,rollout,13,2.758178e-03
1281_right.jpg,P1,rollout,14,1.298379e-03
1281_right.jpg,P1,rollout,15,4.937787e-03
1281_right.jpg,P1,rollout,16,1.240586e-03
1281_right.jpg,P1,rollout,17,8.190928e-04
1281_right.jpg,P1,rollout,18,5.113191e-03
1281_right.jpg,P1,rollout,19,5.975067e-03
1281_right.jpg,P1,rollout,20,3.756173e-03
1281_right.jpg,P1,rollout,21,2.954470e-03
1281_right.jpg,P1,rollout,22,2.395995e-03
1281_right.jpg,P1,rollout,23,1.415840e-03
1281_right.jpg,P1,rollout,24,1.997150e-03
1281_right.jpg,P1,rollout,25,1.609363e-03
1281_right.jpg,P1,rollout,26,3.735444e-03
1281_right.jpg,P1,rollout,27,5.895120e-03
1281_right.jpg,P1,rollout,28,4.896484e-03
1281_right.jpg,P1,rollout,29,2.521612e-03
1281_right.jpg,P1,rollout,30,1.006671e-03
1281_right.jpg,P1,rollout,31,8.064575e-03
1281_right.jpg,P1,rollout,32,2.284792e-03
1281_right.jpg,P1,rollout,33,1.971429e-03
1281_right.jpg,P1,rollout,34,6.783919e-03
1281_right.jpg,P1,rollout,35,6.382647e-03
1281_right.jpg,P1,rollout,36,2.282586e-03
1281_right.jpg,P1,rollout,37,7.182185e-04
1281_right.jpg,P1,rollout,38,7.972195e-04
1281_right.jpg,P1,rollout,39,1.553291e-03
1281_right.jpg,P1,rollout,40,2.055050e-03
1281_right.jpg,P1,rollout,41,1.460347e-03
1281_right.jpg,P1,rollout,42,1.408144e-03
1281_right.jpg,P1,rollout,43,3.640340e-03
1281_right.jpg,P1,rollout,44,4.076429e-03
1281_right.jpg,P1,rollout,45,3.103868e-03
1281_right.jpg,P1,rollout,46,2.838378e-03
1281_right.jpg,P1,rollout,47,1.629294e-02
1281_right.jpg,P1,rollout,48,9.001998e-03
1281_right.jpg,P1,rollout,49,6.248943e-03
1281_right.jpg,P1,rollout,50,7.986323e-03
1281_right.jpg,P1,rollout,51,5.404376e-03
1281_right.jpg,P1,rollout,52,2.393886e-03
1281_right.jpg,P1,rollout,53,2.312149e-03
1281_right.jpg,P1,rollout,54,2.696749e-03
1281_right.jpg,P1,rollout,55,2.555302e-03
1281_right.jpg,P1,rollout,56,2.471158e-03
1281_right.jpg,P1,rollout,57,2.133805e-03
1281_right.jpg,P1,rollout,58,4.713407e-03
1281_right.jpg,P1,rollout,59,7.370729e-03
1281_right.jpg,P1,rollout,60,8.793880e-03
1281_right.jpg,P1,rollout,61,4.080352e-03
1281_right.jpg,P1,rollout,62,1.124480e-02
1281_right.jpg,P1,rollout,63,3.170366e-03
1281_right.jpg,P1,rollout,64,2.139836e-03
1281_right.jpg,P1,rollout,65,5.771457e-03
1281_right.jpg,P1,rollout,66,1.699943e-03
1281_right.jpg,P1,rollout,67,8.829465e-04
1281_right.jpg,P1,rollout,68,2.505641e-03
1281_right.jpg,P1,rollout,69,9.678157e-04
1281_right.jpg,P1,rollout,70,1.561064e-03
1281_right.jpg,P1,rollout,71,1.897194e-03
1281_right.jpg,P1,rollout,72,2.115875e-03
1281_right.jpg,P1,rollout,73,1.513685e-03
1281_right.jpg,P1,rollout,74,3.800193e-03
1281_right.jpg,P1,rollout,75,2.975528e-03
1281_right.jpg,P1,rollout,76,2.751469e-03
1281_right.jpg,P1,rollout,77,8.175536e-03
1281_right.jpg,P1,rollout,78,7.170995e-03
1281_right.jpg,P1,rollout,79,1.203691e-03
1281_right.jpg,P1,rollout,80,3.431411e-03
1281_right.jpg,P1,rollout,81,4.104813e-03
1281_right.jpg,P1,rollout,82,4.144760e-03
1281_right.jpg,P1,rollout,83,3.116968e-03
1281_right.jpg,P1,rollout,84,1.710637e-03
1281_right.jpg,P1,rollout,85,1.469150e-03
1281_right.jpg,P1,rollout,86,2.309490e-03
1281_right.jpg,P1,rollout,87,2.735041e-03
1281_right.jpg,P1,rollout,88,3.443491e-03
1281_right.jpg,P1,rollout,89,3.828978e-03
1281_right.jpg,P1,rollout,90,4.453944e-03
1281_right.jpg,P1,rollout,91,3.768436e-03
1281_right.jpg,P1,rollout,92,1.239069e-02
1281_right.jpg,P1,rollout,93,1.030356e-02
1281_right.jpg,P1,rollout,94,8.938204e-03
1281_right.jpg,P1,rollout,95,5.882072e-03
1281_right.jpg,P1,rollout,96,3.799072e-03
1281_right.jpg,P1,rollout,97,1.331848e-03
1281_right.jpg,P1,rollout,98,1.522492e-03
1281_right.jpg,P1,rollout,99,9.841367e-04
1281_right.jpg,P1,rollout,100,1.323772e-03
1281_right.jpg,P1,rollout,101,8.840321e-04
1281_right.jpg,P1,rollout,102,1.391321e-03
1281_right.jpg,P1,rollout,103,1.104136e-03
1281_right.jpg,P1,rollout,104,8.789139e-04
1281_right.jpg,P1,rollout,105,1.333678e-03
1281_right.jpg,P1,rollout,106,2.813368e-03
1281_right.jpg,P1,rollout,107,1.570821e-03
1281_right.jpg,P1,rollout,108,5.520673e-03
1281_right.jpg,P1,rollout,109,6.644019e-03
1281_right.jpg,P1,rollout,110,3.583245e-03
1281_right.jpg,P1,rollout,111,5.886305e-03
1281_right.jpg,P1,rollout,112,5.370398e-03
1281_right.jpg,P1,rollout,113,3.431274e-03
1281_right.jpg,P1,rollout,114,2.900212e-03
1281_right.jpg,P1,rollout,115,1.897134e-03
1281_right.jpg,P1,rollout,116,1.717077e-03
1281_right.jpg,P1,rollout,117,2.621430e-03
1281_right.jpg,P1,rollout,118,1.987888e-03
1281_right.jpg,P1,rollout,119,1.637226e-03
1281_right.jpg,P1,rollout,120,1.396736e-03
1281_right.jpg,P1,rollout,121,1.977423e-03
1281_right.jpg,P1,rollout,122,4.039791e-03
1281_right.jpg,P1,rollout,123,6.880370e-03
1281_right.jpg,P1,rollout,124,7.130320e-03
1281_right.jpg,P1,rollout,125,7.869634e-03
1281_right.jpg,P1,rollout,126,5.467057e-03
1281_right.jpg,P1,rollout,127,6.627804e-03
1281_right.jpg,P1,rollout,128,4.406579e-03
1281_right.jpg,P1,rollout,129,1.258242e-03
1281_right.jpg,P1,rollout,130,1.299319e-03
1281_right.jpg,P1,rollout,131,1.440405e-03
1281_right.jpg,P1,rollout,132,1.854553e-03
1281_right.jpg,P1,rollout,133,1.284865e-03
1281_right.jpg,P1,rollout,134,1.261442e-03
1281_right.jpg,P1,rollout,135,2.269400e-03
1281_right.jpg,P1,rollout,136,2.830432e-03
1281_right.jpg,P1,rollout,137,3.437813e-03
1281_right.jpg,P1,rollout,138,1.636863e-03
1281_right.jpg,P1,rollout,139,3.020629e-03
1281_right.jpg,P1,rollout,140,5.001222e-03
1281_right.jpg,P1,rollout,141,7.186680e-03
1281_right.jpg,P1,rollout,142,5.769070e-03
1281_right.jpg,P1,rollout,143,5.633642e-03
1281_right.jpg,P1,rollout,144,4.099250e-03
1281_right.jpg,P1,rollout,145,2.827861e-03
1281_right.jpg,P1,rollout,146,2.701059e-03
1281_right.jpg,P1,rollout,147,2.334010e-03
1281_right.jpg,P1,rollout,148,1.996483e-03
1281_right.jpg,P1,rollout,149,2.262262e-03
1281_right.jpg,P1,rollout,150,2.191529e-03
1281_right.jpg,P1,rollout,151,2.157305e-03
1281_right.jpg,P1,rollout,152,2.235823e-03
1281_right.jpg,P1,rollout,153,4.150404e-03
1281_right.jpg,P1,rollout,154,3.039600e-03
1281_right.jpg,P1,rollout,155,4.225568e-03
1281_right.jpg,P1,rollout,156,3.985779e-03
1281_right.jpg,P1,rollout,157,8.274767e-03
1281_right.jpg,P1,rollout,158,6.962607e-03
1281_right.jpg,P1,rollout,159,5.336200e-03
1281_right.jpg,P1,rollout,160,2.449817e-03
1281_right.jpg,P1,rollout,161,1.963741e-03
1281_right.jpg,P1,rollout,162,1.547706e-03
1281_right.jpg,P1,rollout,163,1.809101e-03
1281_right.jpg,P1,rollout,164,1.536027e-03
1281_right.jpg,P1,rollout,165,1.413392e-03
1281_right.jpg,P1,rollout,166,1.944052e-03
1281_right.jpg,P1,rollout,167,1.398184e-03
1281_right.jpg,P1,rollout,168,1.586560e-03
1281_right.jpg,P1,rollout,169,2.390341e-03
1281_right.jpg,P1,rollout,170,1.996454e-03
1281_right.jpg,P1,rollout,171,2.862937e-03
1281_right.jpg,P1,rollout,172,5.390507e-03
1281_right.jpg,P1,rollout,173,5.018162e-03
1281_right.jpg,P1,rollout,174,6.149576e-03
1281_right.jpg,P1,rollout,175,4.626411e-03
1281_right.jpg,P1,rollout,176,4.489788e-03
1281_right.jpg,P1,rollout,177,5.360753e-03
1281_right.jpg,P1,rollout,178,3.351901e-03
1281_right.jpg,P1,rollout,179,3.288238e-03
1281_right.jpg,P1,rollout,180,2.700906e-03
1281_right.jpg,P1,rollout,181,2.392454e-03
1281_right.jpg,P1,rollout,182,2.559286e-03
1281_right.jpg,P1,rollout,183,2.676723e-03
1281_right.jpg,P1,rollout,184,2.672320e-03
1281_right.jpg,P1,rollout,185,1.864854e-03
1281_right.jpg,P1,rollout,186,2.263338e-03
1281_right.jpg,P1,rollout,187,4.135603e-03
1281_right.jpg,P1,rollout,188,6.236612e-03
1281_right.jpg,P1,rollout,189,5.819162e-03
1281_right.jpg,P1,rollout,190,7.831050e-03
1281_right.jpg,P1,rollout,191,5.247425e-03
1281_right.jpg,P1,rollout,192,3.844578e-03
1281_right.jpg,P1,rollout,193,4.840798e-03
1281_right.jpg,P1,rollout,194,3.871923e-03
1281_right.jpg,P1,rollout,195,4.038628e-03
1281_right.jpg,P1,rollout,196,3.666813e-03
1281_right.jpg,P1,rollout,197,2.055506e-03
1281_right.jpg,P1,rollout,198,2.505080e-03
1281_right.jpg,P1,rollout,199,2.128890e-03
1281_right.jpg,P1,rollout,200,1.649359e-03
1281_right.jpg,P1,rollout,201,1.687709e-03
1281_right.jpg,P1,rollout,202,3.339451e-03
1281_right.jpg,P1,rollout,203,3.104213e-03
1281_right.jpg,P1,rollout,204,4.636754e-03
1281_right.jpg,P1,rollout,205,4.284955e-03
1281_right.jpg,P1,rollout,206,1.001492e-02
1281_right.jpg,P1,rollout,207,2.201810e-03
1281_right.jpg,P1,rollout,208,3.705040e-03
1281_right.jpg,P1,rollout,209,5.963986e-03
1281_right.jpg,P1,rollout,210,5.359906e-03
1281_right.jpg,P1,rollout,211,3.519131e-03
1281_right.jpg,P1,rollout,212,3.581625e-03
1281_right.jpg,P1,rollout,213,3.102538e-03
1281_right.jpg,P1,rollout,214,3.630117e-03
1281_right.jpg,P1,rollout,215,2.554299e-03
1281_right.jpg,P1,rollout,216,2.003254e-03
1281_right.jpg,P1,rollout,217,2.421703e-03
1281_right.jpg,P1,rollout,218,3.760875e-03
1281_right.jpg,P1,rollout,219,4.759046e-03
1281_right.jpg,P1,rollout,220,5.337391e-03
1281_right.jpg,P1,rollout,221,4.788902e-03
1281_right.jpg,P1,rollout,222,8.305101e-03
1281_right.jpg,P1,rollout,223,2.800011e-03
1281_right.jpg,P1,rollout,224,2.163457e-03
1281_right.jpg,P1,rollout,225,2.241088e-03
1281_right.jpg,P1,rollout,226,6.615345e-03
1281_right.jpg,P1,rollout,227,5.431307e-03
1281_right.jpg,P1,rollout,228,3.383902e-03
1281_right.jpg,P1,rollout,229,3.015537e-03
1281_right.jpg,P1,rollout,230,3.388796e-03
1281_right.jpg,P1,rollout,231,2.441033e-03
1281_right.jpg,P1,rollout,232,3.104752e-03
1281_right.jpg,P1,rollout,233,3.399241e-03
1281_right.jpg,P1,rollout,234,4.681197e-03
1281_right.jpg,P1,rollout,235,4.428941e-03
1281_right.jpg,P1,rollout,236,6.687146e-03
1281_right.jpg,P1,rollout,237,4.217156e-03
1281_right.jpg,P1,rollout,238,4.105625e-03
1281_right.jpg,P1,rollout,239,5.794565e-03
1281_right.jpg,P1,rollout,240,7.167343e-03
1281_right.jpg,P1,rollout,241,3.367939e-03
1281_right.jpg,P1,rollout,242,7.328074e-03
1281_right.jpg,P1,rollout,243,5.399578e-03
1281_right.jpg,P1,rollout,244,7.127372e-03
1281_right.jpg,P1,rollout,245,5.495639e-03
1281_right.jpg,P1,rollout,246,6.295623e-03
1281_right.jpg,P1,rollout,247,4.908629e-03
1281_right.jpg,P1,rollout,248,9.287162e-03
1281_right.jpg,P1,rollout,249,7.740980e-03
1281_right.jpg,P1,rollout,250,7.059528e-03
1281_right.jpg,P1,rollout,251,7.134845e-03
1281_right.jpg,P1,rollout,252,6.154684e-03
1281_right.jpg,P1,rollout,253,3.721883e-03
1281_right.jpg,P1,rollout,254,3.638992e-03
1281_right.jpg,P1,rollout,255,1.032810e-02
1281_right.jpg,P1,headspec,0,9.336944e-04
1281_right.jpg,P1,headspec,1,1.566830e-03
1281_right.jpg,P1,headspec,2,7.338025e-04
1281_right.jpg,P1,headspec,3,2.060214e-03
1281_right.jpg,P1,headspec,4,8.458631e-05
1281_right.jpg,P1,headspec,5,1.019939e-03
1281_right.jpg,P1,headspec,6,1.404364e-04
1281_right.jpg,P1,headspec,7,3.273844e-04
1281_right.jpg,P1,headspec,8,1.956230e-03
1281_right.jpg,P1,headspec,9,2.604653e-04
1281_right.jpg,P1,headspec,10,1.855058e-04
1281_right.jpg,P1,headspec,11,2.221599e-03
1281_right.jpg,P1,headspec,12,4.159368e-04
1281_right.jpg,P1,headspec,13,5.368527e-03
1281_right.jpg,P1,headspec,14,2.277557e-03
1281_right.jpg,P1,headspec,15,8.812697e-04
1281_right.jpg,P1,headspec,16,2.005842e-03
1281_right.jpg,P1,headspec,17,4.776639e-03
1281_right.jpg,P1,headspec,18,2.275105e-04
1281_right.jpg,P1,headspec,19,1.824699e-03
1281_right.jpg,P1,headspec,20,4.074998e-04
1281_right.jpg,P1,headspec,21,2.063819e-03
1281_right.jpg,P1,headspec,22,1.509646e-04
1281_right.jpg,P1,headspec,23,1.060321e-03
1281_right.jpg,P1,headspec,24,1.030900e-03
1281_right.jpg,P1,headspec,25,9.530202e-04
1281_right.jpg,P1,headspec,26,5.640530e-04
1281_right.jpg,P1,headspec,27,4.788176e-04
1281_right.jpg,P1,headspec,28,3.115199e-03
1281_right.jpg,P1,headspec,29,3.917075e-04
1281_right.jpg,P1,headspec,30,1.558249e-03
1281_right.jpg,P1,headspec,31,1.758357e-03
1281_right.jpg,P1,headspec,32,9.230220e-04
1281_right.jpg,P1,headspec,33,6.190016e-04
1281_right.jpg,P1,headspec,34,1.517506e-03
1281_right.jpg,P1,headspec,35,1.587598e-03
1281_right.jpg,P1,headspec,36,3.122410e-04
1281_right.jpg,P1,headspec,37,4.793945e-03
1281_right.jpg,P1,headspec,38,2.974438e-03
1281_right.jpg,P1,headspec,39,2.561386e-03
1281_right.jpg,P1,headspec,40,1.669516e-03
1281_right.jpg,P1,headspec,41,3.140582e-03
1281_right.jpg,P1,headspec,42,2.067569e-03
1281_right.jpg,P1,headspec,43,7.520322e-03
1281_right.jpg,P1,headspec,44,3.150390e-03
1281_right.jpg,P1,headspec,45,7.242838e-04
1281_right.jpg,P1,headspec,46,4.802599e-04
1281_right.jpg,P1,headspec,47,4.483579e-03
1281_right.jpg,P1,headspec,48,7.771268e-03
1281_right.jpg,P1,headspec,49,3.264181e-03
1281_right.jpg,P1,headspec,50,8.105287e-04
1281_right.jpg,P1,headspec,51,5.060756e-04
1281_right.jpg,P1,headspec,52,2.491078e-04
1281_right.jpg,P1,headspec,53,1.079936e-03
1281_right.jpg,P1,headspec,54,3.479360e-04
1281_right.jpg,P1,headspec,55,2.148911e-03
1281_right.jpg,P1,headspec,56,2.180639e-03
1281_right.jpg,P1,headspec,57,1.706437e-03
1281_right.jpg,P1,headspec,58,3.109430e-04
1281_right.jpg,P1,headspec,59,1.246080e-04
1281_right.jpg,P1,headspec,60,8.884087e-04
1281_right.jpg,P1,headspec,61,1.578368e-03
1281_right.jpg,P1,headspec,62,7.950969e-04
1281_right.jpg,P1,headspec,63,2.926268e-04
1281_right.jpg,P1,headspec,64,1.450010e-03
1281_right.jpg,P1,headspec,65,1.467172e-03
1281_right.jpg,P1,headspec,66,1.024554e-03
1281_right.jpg,P1,headspec,67,1.551138e-02
1281_right.jpg,P1,headspec,68,1.362629e-04
1281_right.jpg,P1,headspec,69,2.628305e-03
1281_right.jpg,P1,headspec,70,2.124681e-03
1281_right.jpg,P1,headspec,71,6.720754e-04
1281_right.jpg,P1,headspec,72,2.923023e-04
1281_right.jpg,P1,headspec,73,1.381360e-03
1281_right.jpg,P1,headspec,74,9.057153e-04
1281_right.jpg,P1,headspec,75,1.913828e-03
1281_right.jpg,P1,headspec,76,4.423006e-03
1281_right.jpg,P1,headspec,77,1.562936e-03
1281_right.jpg,P1,headspec,78,2.208330e-03
1281_right.jpg,P1,headspec,79,6.924468e-04
1281_right.jpg,P1,headspec,80,9.189838e-03
1281_right.jpg,P1,headspec,81,2.122951e-04
1281_right.jpg,P1,headspec,82,2.158285e-04
1281_right.jpg,P1,headspec,83,3.147505e-03
1281_right.jpg,P1,headspec,84,4.907881e-04
1281_right.jpg,P1,headspec,85,3.576710e-04
1281_right.jpg,P1,headspec,86,8.206242e-04
1281_right.jpg,P1,headspec,87,3.103661e-04
1281_right.jpg,P1,headspec,88,6.458269e-04
1281_right.jpg,P1,headspec,89,4.961243e-04
1281_right.jpg,P1,headspec,90,1.443664e-03
1281_right.jpg,P1,headspec,91,1.073417e-02
1281_right.jpg,P1,headspec,92,1.740185e-02
1281_right.jpg,P1,headspec,93,3.474024e-03
1281_right.jpg,P1,headspec,94,2.317650e-03
1281_right.jpg,P1,headspec,95,1.959114e-03
1281_right.jpg,P1,headspec,96,2.891366e-03
1281_right.jpg,P1,headspec,97,1.547937e-03
1281_right.jpg,P1,headspec,98,1.625889e-03
1281_right.jpg,P1,headspec,99,1.580906e-02
1281_right.jpg,P1,headspec,100,1.692303e-03
1281_right.jpg,P1,headspec,101,1.806239e-03
1281_right.jpg,P1,headspec,102,4.167156e-03
1281_right.jpg,P1,headspec,103,1.862197e-03
1281_right.jpg,P1,headspec,104,5.755042e-03
1281_right.jpg,P1,headspec,105,2.044494e-03
1281_right.jpg,P1,headspec,106,7.519745e-04
1281_right.jpg,P1,headspec,107,6.619222e-03
1281_right.jpg,P1,headspec,108,8.137016e-04
1281_right.jpg,P1,headspec,109,1.269155e-03
1281_right.jpg,P1,headspec,110,1.412801e-03
1281_right.jpg,P1,headspec,111,4.785869e-03
1281_right.jpg,P1,headspec,112,7.226974e-04
1281_right.jpg,P1,headspec,113,5.515778e-04
1281_right.jpg,P1,headspec,114,8.386520e-04
1281_right.jpg,P1,headspec,115,1.802200e-03
1281_right.jpg,P1,headspec,116,8.093749e-03
1281_right.jpg,P1,headspec,117,2.904635e-04
1281_right.jpg,P1,headspec,118,2.474853e-04
1281_right.jpg,P1,headspec,119,9.870566e-04
1281_right.jpg,P1,headspec,120,1.041573e-03
1281_right.jpg,P1,headspec,121,2.968092e-04
1281_right.jpg,P1,headspec,122,7.352447e-04
1281_right.jpg,P1,headspec,123,4.551652e-04
1281_right.jpg,P1,headspec,124,2.421779e-03
1281_right.jpg,P1,headspec,125,2.905500e-03
1281_right.jpg,P1,headspec,126,9.586448e-04
1281_right.jpg,P1,headspec,127,5.336798e-03
1281_right.jpg,P1,headspec,128,2.249866e-03
1281_right.jpg,P1,headspec,129,2.016803e-03
1281_right.jpg,P1,headspec,130,2.443701e-03
1281_right.jpg,P1,headspec,131,9.235989e-04
1281_right.jpg,P1,headspec,132,4.365894e-03
1281_right.jpg,P1,headspec,133,9.128687e-03
1281_right.jpg,P1,headspec,134,2.064108e-03
1281_right.jpg,P1,headspec,135,1.298432e-03
1281_right.jpg,P1,headspec,136,3.236706e-03
1281_right.jpg,P1,headspec,137,5.290070e-04
1281_right.jpg,P1,headspec,138,4.091295e-03
1281_right.jpg,P1,headspec,139,6.537303e-03
1281_right.jpg,P1,headspec,140,9.215798e-04
1281_right.jpg,P1,headspec,141,4.508386e-04
1281_right.jpg,P1,headspec,142,3.168273e-03
1281_right.jpg,P1,headspec,143,8.301429e-04
1281_right.jpg,P1,headspec,144,3.494215e-03
1281_right.jpg,P1,headspec,145,1.081955e-03
1281_right.jpg,P1,headspec,146,3.416912e-03
1281_right.jpg,P1,headspec,147,1.042294e-03
1281_right.jpg,P1,headspec,148,6.461154e-04
1281_right.jpg,P1,headspec,149,7.088809e-03
1281_right.jpg,P1,headspec,150,1.769318e-03
1281_right.jpg,P1,headspec,151,7.176496e-03
1281_right.jpg,P1,headspec,152,5.055276e-03
1281_right.jpg,P1,headspec,153,5.072294e-04
1281_right.jpg,P1,headspec,154,4.158214e-03
1281_right.jpg,P1,headspec,155,1.084551e-03
1281_right.jpg,P1,headspec,156,3.621707e-03
1281_right.jpg,P1,headspec,157,3.798812e-04
1281_right.jpg,P1,headspec,158,1.149162e-03
1281_right.jpg,P1,headspec,159,1.118760e-02
1281_right.jpg,P1,headspec,160,3.523636e-03
1281_right.jpg,P1,headspec,161,1.873735e-03
1281_right.jpg,P1,headspec,162,1.816046e-03
1281_right.jpg,P1,headspec,163,6.148480e-03
1281_right.jpg,P1,headspec,164,2.279864e-03
1281_right.jpg,P1,headspec,165,1.957960e-03
1281_right.jpg,P1,headspec,166,8.302582e-03
1281_right.jpg,P1,headspec,167,2.897135e-03
1281_right.jpg,P1,headspec,168,3.538636e-03
1281_right.jpg,P1,headspec,169,6.031372e-04
1281_right.jpg,P1,headspec,170,3.718048e-03
1281_right.jpg,P1,headspec,171,3.028666e-03
1281_right.jpg,P1,headspec,172,1.548946e-03
1281_right.jpg,P1,headspec,173,1.155220e-03
1281_right.jpg,P1,headspec,174,6.574224e-03
1281_right.jpg,P1,headspec,175,4.745487e-03
1281_right.jpg,P1,headspec,176,2.445431e-03
1281_right.jpg,P1,headspec,177,1.037131e-02
1281_right.jpg,P1,headspec,178,5.344874e-04
1281_right.jpg,P1,headspec,179,1.357419e-03
1281_right.jpg,P1,headspec,180,7.854917e-03
1281_right.jpg,P1,headspec,181,2.711377e-03
1281_right.jpg,P1,headspec,182,8.318736e-04
1281_right.jpg,P1,headspec,183,1.437607e-03
1281_right.jpg,P1,headspec,184,5.152770e-03
1281_right.jpg,P1,headspec,185,6.303086e-03
1281_right.jpg,P1,headspec,186,5.167769e-03
1281_right.jpg,P1,headspec,187,1.029170e-02
1281_right.jpg,P1,headspec,188,1.893349e-03
1281_right.jpg,P1,headspec,189,1.989112e-03
1281_right.jpg,P1,headspec,190,5.157385e-03
1281_right.jpg,P1,headspec,191,1.614135e-03
1281_right.jpg,P1,headspec,192,2.153641e-02
1281_right.jpg,P1,headspec,193,1.114088e-02
1281_right.jpg,P1,headspec,194,7.028813e-03
1281_right.jpg,P1,headspec,195,9.717114e-03
1281_right.jpg,P1,headspec,196,1.068513e-02
1281_right.jpg,P1,headspec,197,2.353706e-03
1281_right.jpg,P1,headspec,198,8.191820e-04
1281_right.jpg,P1,headspec,199,3.817850e-03
1281_right.jpg,P1,headspec,200,4.596650e-03
1281_right.jpg,P1,headspec,201,8.159515e-03
1281_right.jpg,P1,headspec,202,5.107773e-03
1281_right.jpg,P1,headspec,203,7.612047e-04
1281_right.jpg,P1,headspec,204,5.967337e-03
1281_right.jpg,P1,headspec,205,1.230619e-02
1281_right.jpg,P1,headspec,206,9.070999e-03
1281_right.jpg,P1,headspec,207,5.246457e-02
1281_right.jpg,P1,headspec,208,2.199100e-03
1281_right.jpg,P1,headspec,209,1.273309e-02
1281_right.jpg,P1,headspec,210,2.121508e-04
1281_right.jpg,P1,headspec,211,3.393548e-04
1281_right.jpg,P1,headspec,212,7.794921e-03
1281_right.jpg,P1,headspec,213,6.226937e-03
1281_right.jpg,P1,headspec,214,1.451683e-02
1281_right.jpg,P1,headspec,215,9.339829e-04
1281_right.jpg,P1,headspec,216,8.359118e-04
1281_right.jpg,P1,headspec,217,6.086176e-04
1281_right.jpg,P1,headspec,218,4.508386e-04
1281_right.jpg,P1,headspec,219,3.802851e-03
1281_right.jpg,P1,headspec,220,1.378533e-02
1281_right.jpg,P1,headspec,221,1.810277e-03
1281_right.jpg,P1,headspec,222,2.337553e-03
1281_right.jpg,P1,headspec,223,2.839446e-03
1281_right.jpg,P1,headspec,224,1.302384e-02
1281_right.jpg,P1,headspec,225,5.685816e-03
1281_right.jpg,P1,headspec,226,3.902075e-03
1281_right.jpg,P1,headspec,227,4.072835e-03
1281_right.jpg,P1,headspec,228,4.142061e-03
1281_right.jpg,P1,headspec,229,5.670239e-03
1281_right.jpg,P1,headspec,230,5.090466e-03
1281_right.jpg,P1,headspec,231,3.770545e-03
1281_right.jpg,P1,headspec,232,7.393406e-03
1281_right.jpg,P1,headspec,233,1.822968e-03
1281_right.jpg,P1,headspec,234,7.144190e-03
1281_right.jpg,P1,headspec,235,3.842079e-03
1281_right.jpg,P1,headspec,236,1.051784e-02
1281_right.jpg,P1,headspec,237,8.085673e-03
1281_right.jpg,P1,headspec,238,7.912606e-03
1281_right.jpg,P1,headspec,239,1.654978e-02
1281_right.jpg,P1,headspec,240,1.350381e-02
1281_right.jpg,P1,headspec,241,1.467836e-02
1281_right.jpg,P1,headspec,242,5.564669e-03
1281_right.jpg,P1,headspec,243,8.228741e-03
1281_right.jpg,P1,headspec,244,6.225783e-03
1281_right.jpg,P1,headspec,245,2.189870e-03
1281_right.jpg,P1,headspec,246,5.344874e-04
1281_right.jpg,P1,headspec,247,5.325837e-03
1281_right.jpg,P1,headspec,248,6.964201e-03
1281_right.jpg,P1,headspec,249,9.089459e-03
1281_right.jpg,P1,headspec,250,8.439883e-03
1281_right.jpg,P1,headspec,251,2.407241e-02
1281_right.jpg,P1,headspec,252,2.298325e-02
1281_right.jpg,P1,headspec,253,7.501861e-03
1281_right.jpg,P1,headspec,254,7.814535e-03
1281_right.jpg,P1,headspec,255,1.582060e-02
1281_right.jpg,P1,roi,0,0.000000e+00
1281_right.jpg,P1,roi,1,0.000000e+00
1281_right.jpg,P1,roi,2,0.000000e+00
1281_right.jpg,P1,roi,3,0.000000e+00
1281_right.jpg,P1,roi,4,0.000000e+00
1281_right.jpg,P1,roi,5,0.000000e+00
1281_right.jpg,P1,roi,6,0.000000e+00
1281_right.jpg,P1,roi,7,0.000000e+00
1281_right.jpg,P1,roi,8,0.000000e+00
1281_right.jpg,P1,roi,9,0.000000e+00
1281_right.jpg,P1,roi,10,0.000000e+00
1281_right.jpg,P1,roi,11,0.000000e+00
1281_right.jpg,P1,roi,12,0.000000e+00
1281_right.jpg,P1,roi,13,0.000000e+00
1281_right.jpg,P1,roi,14,0.000000e+00
1281_right.jpg,P1,roi,15,0.000000e+00
1281_right.jpg,P1,roi,16,0.000000e+00
1281_right.jpg,P1,roi,17,0.000000e+00
1281_right.jpg,P1,roi,18,0.000000e+00
1281_right.jpg,P1,roi,19,0.000000e+00
1281_right.jpg,P1,roi,20,0.000000e+00
1281_right.jpg,P1,roi,21,0.000000e+00
1281_right.jpg,P1,roi,22,0.000000e+00
1281_right.jpg,P1,roi,23,0.000000e+00
1281_right.jpg,P1,roi,24,0.000000e+00
1281_right.jpg,P1,roi,25,0.000000e+00
1281_right.jpg,P1,roi,26,0.000000e+00
1281_right.jpg,P1,roi,27,0.000000e+00
1281_right.jpg,P1,roi,28,0.000000e+00
1281_right.jpg,P1,roi,29,0.000000e+00
1281_right.jpg,P1,roi,30,0.000000e+00
1281_right.jpg,P1,roi,31,0.000000e+00
1281_right.jpg,P1,roi,32,0.000000e+00
1281_right.jpg,P1,roi,33,0.000000e+00
1281_right.jpg,P1,roi,34,0.000000e+00
1281_right.jpg,P1,roi,35,0.000000e+00
1281_right.jpg,P1,roi,36,0.000000e+00
1281_right.jpg,P1,roi,37,0.000000e+00
1281_right.jpg,P1,roi,38,0.000000e+00
1281_right.jpg,P1,roi,39,0.000000e+00
1281_right.jpg,P1,roi,40,0.000000e+00
1281_right.jpg,P1,roi,41,0.000000e+00
1281_right.jpg,P1,roi,42,0.000000e+00
1281_right.jpg,P1,roi,43,0.000000e+00
1281_right.jpg,P1,roi,44,0.000000e+00
1281_right.jpg,P1,roi,45,0.000000e+00
1281_right.jpg,P1,roi,46,0.000000e+00
1281_right.jpg,P1,roi,47,0.000000e+00
1281_right.jpg,P1,roi,48,0.000000e+00
1281_right.jpg,P1,roi,49,0.000000e+00
1281_right.jpg,P1,roi,50,0.000000e+00
1281_right.jpg,P1,roi,51,0.000000e+00
1281_right.jpg,P1,roi,52,0.000000e+00
1281_right.jpg,P1,roi,53,0.000000e+00
1281_right.jpg,P1,roi,54,0.000000e+00
1281_right.jpg,P1,roi,55,0.000000e+00
1281_right.jpg,P1,roi,56,0.000000e+00
1281_right.jpg,P1,roi,57,0.000000e+00
1281_right.jpg,P1,roi,58,0.000000e+00
1281_right.jpg,P1,roi,59,0.000000e+00
1281_right.jpg,P1,roi,60,0.000000e+00
1281_right.jpg,P1,roi,61,0.000000e+00
1281_right.jpg,P1,roi,62,0.000000e+00
1281_right.jpg,P1,roi,63,0.000000e+00
1281_right.jpg,P1,roi,64,0.000000e+00
1281_right.jpg,P1,roi,65,0.000000e+00
1281_right.jpg,P1,roi,66,0.000000e+00
1281_right.jpg,P1,roi,67,0.000000e+00
1281_right.jpg,P1,roi,68,0.000000e+00
1281_right.jpg,P1,roi,69,0.000000e+00
1281_right.jpg,P1,roi,70,0.000000e+00
1281_right.jpg,P1,roi,71,0.000000e+00
1281_right.jpg,P1,roi,72,0.000000e+00
1281_right.jpg,P1,roi,73,0.000000e+00
1281_right.jpg,P1,roi,74,0.000000e+00
1281_right.jpg,P1,roi,75,0.000000e+00
1281_right.jpg,P1,roi,76,0.000000e+00
1281_right.jpg,P1,roi,77,0.000000e+00
1281_right.jpg,P1,roi,78,0.000000e+00
1281_right.jpg,P1,roi,79,0.000000e+00
1281_right.jpg,P1,roi,80,0.000000e+00
1281_right.jpg,P1,roi,81,0.000000e+00
1281_right.jpg,P1,roi,82,0.000000e+00
1281_right.jpg,P1,roi,83,0.000000e+00
1281_right.jpg,P1,roi,84,0.000000e+00
1281_right.jpg,P1,roi,85,0.000000e+00
1281_right.jpg,P1,roi,86,0.000000e+00
1281_right.jpg,P1,roi,87,0.000000e+00
1281_right.jpg,P1,roi,88,0.000000e+00
1281_right.jpg,P1,roi,89,0.000000e+00
1281_right.jpg,P1,roi,90,0.000000e+00
1281_right.jpg,P1,roi,91,0.000000e+00
1281_right.jpg,P1,roi,92,0.000000e+00
1281_right.jpg,P1,roi,93,3.517851e-02
1281_right.jpg,P1,roi,94,9.466217e-02
1281_right.jpg,P1,roi,95,2.732876e-02
1281_right.jpg,P1,roi,96,0.000000e+00
1281_right.jpg,P1,roi,97,0.000000e+00
1281_right.jpg,P1,roi,98,0.000000e+00
1281_right.jpg,P1,roi,99,0.000000e+00
1281_right.jpg,P1,roi,100,0.000000e+00
1281_right.jpg,P1,roi,101,0.000000e+00
1281_right.jpg,P1,roi,102,0.000000e+00
1281_right.jpg,P1,roi,103,0.000000e+00
1281_right.jpg,P1,roi,104,0.000000e+00
1281_right.jpg,P1,roi,105,0.000000e+00
1281_right.jpg,P1,roi,106,0.000000e+00
1281_right.jpg,P1,roi,107,0.000000e+00
1281_right.jpg,P1,roi,108,0.000000e+00
1281_right.jpg,P1,roi,109,1.081521e-01
1281_right.jpg,P1,roi,110,1.823468e-01
1281_right.jpg,P1,roi,111,9.972090e-02
1281_right.jpg,P1,roi,112,0.000000e+00
1281_right.jpg,P1,roi,113,0.000000e+00
1281_right.jpg,P1,roi,114,0.000000e+00
1281_right.jpg,P1,roi,115,0.000000e+00
1281_right.jpg,P1,roi,116,0.000000e+00
1281_right.jpg,P1,roi,117,0.000000e+00
1281_right.jpg,P1,roi,118,0.000000e+00
1281_right.jpg,P1,roi,119,0.000000e+00
1281_right.jpg,P1,roi,120,0.000000e+00
1281_right.jpg,P1,roi,121,0.000000e+00
1281_right.jpg,P1,roi,122,0.000000e+00
1281_right.jpg,P1,roi,123,0.000000e+00
1281_right.jpg,P1,roi,124,0.000000e+00
1281_right.jpg,P1,roi,125,1.105943e-01
1281_right.jpg,P1,roi,126,1.823468e-01
1281_right.jpg,P1,roi,127,6.239098e-02
1281_right.jpg,P1,roi,128,0.000000e+00
1281_right.jpg,P1,roi,129,0.000000e+00
1281_right.jpg,P1,roi,130,0.000000e+00
1281_right.jpg,P1,roi,131,0.000000e+00
1281_right.jpg,P1,roi,132,0.000000e+00
1281_right.jpg,P1,roi,133,0.000000e+00
1281_right.jpg,P1,roi,134,0.000000e+00
1281_right.jpg,P1,roi,135,0.000000e+00
1281_right.jpg,P1,roi,136,0.000000e+00
1281_right.jpg,P1,roi,137,0.000000e+00
1281_right.jpg,P1,roi,138,0.000000e+00
1281_right.jpg,P1,roi,139,0.000000e+00
1281_right.jpg,P1,roi,140,0.000000e+00
1281_right.jpg,P1,roi,141,2.407257e-02
1281_right.jpg,P1,roi,142,7.117107e-02
1281_right.jpg,P1,roi,143,2.035121e-03
1281_right.jpg,P1,roi,144,0.000000e+00
1281_right.jpg,P1,roi,145,0.000000e+00
1281_right.jpg,P1,roi,146,0.000000e+00
1281_right.jpg,P1,roi,147,0.000000e+00
1281_right.jpg,P1,roi,148,0.000000e+00
1281_right.jpg,P1,roi,149,0.000000e+00
1281_right.jpg,P1,roi,150,0.000000e+00
1281_right.jpg,P1,roi,151,0.000000e+00
1281_right.jpg,P1,roi,152,0.000000e+00
1281_right.jpg,P1,roi,153,0.000000e+00
1281_right.jpg,P1,roi,154,0.000000e+00
1281_right.jpg,P1,roi,155,0.000000e+00
1281_right.jpg,P1,roi,156,0.000000e+00
1281_right.jpg,P1,roi,157,0.000000e+00
1281_right.jpg,P1,roi,158,0.000000e+00
1281_right.jpg,P1,roi,159,0.000000e+00
1281_right.jpg,P1,roi,160,0.000000e+00
1281_right.jpg,P1,roi,161,0.000000e+00
1281_right.jpg,P1,roi,162,0.000000e+00
1281_right.jpg,P1,roi,163,0.000000e+00
1281_right.jpg,P1,roi,164,0.000000e+00
1281_right.jpg,P1,roi,165,0.000000e+00
1281_right.jpg,P1,roi,166,0.000000e+00
1281_right.jpg,P1,roi,167,0.000000e+00
1281_right.jpg,P1,roi,168,0.000000e+00
1281_right.jpg,P1,roi,169,0.000000e+00
1281_right.jpg,P1,roi,170,0.000000e+00
1281_right.jpg,P1,roi,171,0.000000e+00
1281_right.jpg,P1,roi,172,0.000000e+00
1281_right.jpg,P1,roi,173,0.000000e+00
1281_right.jpg,P1,roi,174,0.000000e+00
1281_right.jpg,P1,roi,175,0.000000e+00
1281_right.jpg,P1,roi,176,0.000000e+00
1281_right.jpg,P1,roi,177,0.000000e+00
1281_right.jpg,P1,roi,178,0.000000e+00
1281_right.jpg,P1,roi,179,0.000000e+00
1281_right.jpg,P1,roi,180,0.000000e+00
1281_right.jpg,P1,roi,181,0.000000e+00
1281_right.jpg,P1,roi,182,0.000000e+00
1281_right.jpg,P1,roi,183,0.000000e+00
1281_right.jpg,P1,roi,184,0.000000e+00
1281_right.jpg,P1,roi,185,0.000000e+00
1281_right.jpg,P1,roi,186,0.000000e+00
1281_right.jpg,P1,roi,187,0.000000e+00
1281_right.jpg,P1,roi,188,0.000000e+00
1281_right.jpg,P1,roi,189,0.000000e+00
1281_right.jpg,P1,roi,190,0.000000e+00
1281_right.jpg,P1,roi,191,0.000000e+00
1281_right.jpg,P1,roi,192,0.000000e+00
1281_right.jpg,P1,roi,193,0.000000e+00
1281_right.jpg,P1,roi,194,0.000000e+00
1281_right.jpg,P1,roi,195,0.000000e+00
1281_right.jpg,P1,roi,196,0.000000e+00
1281_right.jpg,P1,roi,197,0.000000e+00
1281_right.jpg,P1,roi,198,0.000000e+00
1281_right.jpg,P1,roi,199,0.000000e+00
1281_right.jpg,P1,roi,200,0.000000e+00
1281_right.jpg,P1,roi,201,0.000000e+00
1281_right.jpg,P1,roi,202,0.000000e+00
1281_right.jpg,P1,roi,203,0.000000e+00
1281_right.jpg,P1,roi,204,0.000000e+00
1281_right.jpg,P1,roi,205,0.000000e+00
1281_right.jpg,P1,roi,206,0.000000e+00
1281_right.jpg,P1,roi,207,0.000000e+00
1281_right.jpg,P1,roi,208,0.000000e+00
1281_right.jpg,P1,roi,209,0.000000e+00
1281_right.jpg,P1,roi,210,0.000000e+00
1281_right.jpg,P1,roi,211,0.000000e+00
1281_right.jpg,P1,roi,212,0.000000e+00
1281_right.jpg,P1,roi,213,0.000000e+00
1281_right.jpg,P1,roi,214,0.000000e+00
1281_right.jpg,P1,roi,215,0.000000e+00
1281_right.jpg,P1,roi,216,0.000000e+00
1281_right.jpg,P1,roi,217,0.000000e+00
1281_right.jpg,P1,roi,218,0.000000e+00
1281_right.jpg,P1,roi,219,0.000000e+00
1281_right.jpg,P1,roi,220,0.000000e+00
1281_right.jpg,P1,roi,221,0.000000e+00
1281_right.jpg,P1,roi,222,0.000000e+00
1281_right.jpg,P1,roi,223,0.000000e+00
1281_right.jpg,P1,roi,224,0.000000e+00
1281_right.jpg,P1,roi,225,0.000000e+00
1281_right.jpg,P1,roi,226,0.000000e+00
1281_right.jpg,P1,roi,227,0.000000e+00
1281_right.jpg,P1,roi,228,0.000000e+00
1281_right.jpg,P1,roi,229,0.000000e+00
1281_right.jpg,P1,roi,230,0.000000e+00
1281_right.jpg,P1,roi,231,0.000000e+00
1281_right.jpg,P1,roi,232,0.000000e+00
1281_right.jpg,P1,roi,233,0.000000e+00
1281_right.jpg,P1,roi,234,0.000000e+00
1281_right.jpg,P1,roi,235,0.000000e+00
1281_right.jpg,P1,roi,236,0.000000e+00
1281_right.jpg,P1,roi,237,0.000000e+00
1281_right.jpg,P1,roi,238,0.000000e+00
1281_right.jpg,P1,roi,239,0.000000e+00
1281_right.jpg,P1,roi,240,0.000000e+00
1281_right.jpg,P1,roi,241,0.000000e+00
1281_right.jpg,P1,roi,242,0.000000e+00
1281_right.jpg,P1,roi,243,0.000000e+00
1281_right.jpg,P1,roi,244,0.000000e+00
1281_right.jpg,P1,roi,245,0.000000e+00
1281_right.jpg,P1,roi,246,0.000000e+00
1281_right.jpg,P1,roi,247,0.000000e+00
1281_right.jpg,P1,roi,248,0.000000e+00
1281_right.jpg,P1,roi,249,0.000000e+00
1281_right.jpg,P1,roi,250,0.000000e+00
1281_right.jpg,P1,roi,251,0.000000e+00
1281_right.jpg,P1,roi,252,0.000000e+00
1281_right.jpg,P1,roi,253,0.000000e+00
1281_right.jpg,P1,roi,254,0.000000e+00
1281_right.jpg,P1,roi,255,0.000000e+00
1307_left.jpg,P1,mean,0,3.906250e-03
1307_left.jpg,P1,mean,1,3.906250e-03
1307_left.jpg,P1,mean,2,3.906250e-03
1307_left.jpg,P1,mean,3,3.906250e-03
1307_left.jpg,P1,mean,4,3.906250e-03
1307_left.jpg,P1,mean,5,3.906250e-03
1307_left.jpg,P1,mean,6,3.906250e-03
1307_left.jpg,P1,mean,7,3.906250e-03
1307_left.jpg,P1,mean,8,3.906250e-03
1307_left.jpg,P1,mean,9,3.906250e-03
1307_left.jpg,P1,mean,10,3.906250e-03
1307_left.jpg,P1,mean,11,3.906250e-03
1307_left.jpg,P1,mean,12,3.906250e-03
1307_left.jpg,P1,mean,13,3.906250e-03
1307_left.jpg,P1,mean,14,3.906250e-03
1307_left.jpg,P1,mean,15,3.906250e-03
1307_left.jpg,P1,mean,16,3.906250e-03
1307_left.jpg,P1,mean,17,3.906250e-03
1307_left.jpg,P1,mean,18,3.906250e-03
1307_left.jpg,P1,mean,19,3.906250e-03
1307_left.jpg,P1,mean,20,3.906250e-03
1307_left.jpg,P1,mean,21,3.906250e-03
1307_left.jpg,P1,mean,22,3.906250e-03
1307_left.jpg,P1,mean,23,3.906250e-03
1307_left.jpg,P1,mean,24,3.906250e-03
1307_left.jpg,P1,mean,25,3.906250e-03
1307_left.jpg,P1,mean,26,3.906250e-03
1307_left.jpg,P1,mean,27,3.906250e-03
1307_left.jpg,P1,mean,28,3.906250e-03
1307_left.jpg,P1,mean,29,3.906250e-03
1307_left.jpg,P1,mean,30,3.906250e-03
1307_left.jpg,P1,mean,31,3.906250e-03
1307_left.jpg,P1,mean,32,3.906250e-03
1307_left.jpg,P1,mean,33,3.906250e-03
1307_left.jpg,P1,mean,34,3.906250e-03
1307_left.jpg,P1,mean,35,3.906250e-03
1307_left.jpg,P1,mean,36,3.906250e-03
1307_left.jpg,P1,mean,37,3.906250e-03
1307_left.jpg,P1,mean,38,3.906250e-03
1307_left.jpg,P1,mean,39,3.906250e-03
1307_left.jpg,P1,mean,40,3.906250e-03
1307_left.jpg,P1,mean,41,3.906250e-03
1307_left.jpg,P1,mean,42,3.906250e-03
1307_left.jpg,P1,mean,43,3.906250e-03
1307_left.jpg,P1,mean,44,3.906250e-03
1307_left.jpg,P1,mean,45,3.906250e-03
1307_left.jpg,P1,mean,46,3.906250e-03
1307_left.jpg,P1,mean,47,3.906250e-03
1307_left.jpg,P1,mean,48,3.906250e-03
1307_left.jpg,P1,mean,49,3.906250e-03
1307_left.jpg,P1,mean,50,3.906250e-03
1307_left.jpg,P1,mean,51,3.906250e-03
1307_left.jpg,P1,mean,52,3.906250e-03
1307_left.jpg,P1,mean,53,3.906250e-03
1307_left.jpg,P1,mean,54,3.906250e-03
1307_left.jpg,P1,mean,55,3.906250e-03
1307_left.jpg,P1,mean,56,3.906250e-03
1307_left.jpg,P1,mean,57,3.906250e-03
1307_left.jpg,P1,mean,58,3.906250e-03
1307_left.jpg,P1,mean,59,3.906250e-03
1307_left.jpg,P1,mean,60,3.906250e-03
1307_left.jpg,P1,mean,61,3.906250e-03
1307_left.jpg,P1,mean,62,3.906250e-03
1307_left.jpg,P1,mean,63,3.906250e-03
1307_left.jpg,P1,mean,64,3.906250e-03
1307_left.jpg,P1,mean,65,3.906250e-03
1307_left.jpg,P1,mean,66,3.906250e-03
1307_left.jpg,P1,mean,67,3.906250e-03
1307_left.jpg,P1,mean,68,3.906250e-03
1307_left.jpg,P1,mean,69,3.906250e-03
1307_left.jpg,P1,mean,70,3.906250e-03
1307_left.jpg,P1,mean,71,3.906250e-03
1307_left.jpg,P1,mean,72,3.906250e-03
1307_left.jpg,P1,mean,73,3.906250e-03
1307_left.jpg,P1,mean,74,3.906250e-03
1307_left.jpg,P1,mean,75,3.906250e-03
1307_left.jpg,P1,mean,76,3.906250e-03
1307_left.jpg,P1,mean,77,3.906250e-03
1307_left.jpg,P1,mean,78,3.906250e-03
1307_left.jpg,P1,mean,79,3.906250e-03
1307_left.jpg,P1,mean,80,3.906250e-03
1307_left.jpg,P1,mean,81,3.906250e-03
1307_left.jpg,P1,mean,82,3.906250e-03
1307_left.jpg,P1,mean,83,3.906250e-03
1307_left.jpg,P1,mean,84,3.906250e-03
1307_left.jpg,P1,mean,85,3.906250e-03
1307_left.jpg,P1,mean,86,3.906250e-03
1307_left.jpg,P1,mean,87,3.906250e-03
1307_left.jpg,P1,mean,88,3.906250e-03
1307_left.jpg,P1,mean,89,3.906250e-03
1307_left.jpg,P1,mean,90,3.906250e-03
1307_left.jpg,P1,mean,91,3.906250e-03
1307_left.jpg,P1,mean,92,3.906250e-03
1307_left.jpg,P1,mean,93,3.906250e-03
1307_left.jpg,P1,mean,94,3.906250e-03
1307_left.jpg,P1,mean,95,3.906250e-03
1307_left.jpg,P1,mean,96,3.906250e-03
1307_left.jpg,P1,mean,97,3.906250e-03
1307_left.jpg,P1,mean,98,3.906250e-03
1307_left.jpg,P1,mean,99,3.906250e-03
1307_left.jpg,P1,mean,100,3.906250e-03
1307_left.jpg,P1,mean,101,3.906250e-03
1307_left.jpg,P1,mean,102,3.906250e-03
1307_left.jpg,P1,mean,103,3.906250e-03
1307_left.jpg,P1,mean,104,3.906250e-03
1307_left.jpg,P1,mean,105,3.906250e-03
1307_left.jpg,P1,mean,106,3.906250e-03
1307_left.jpg,P1,mean,107,3.906250e-03
1307_left.jpg,P1,mean,108,3.906250e-03
1307_left.jpg,P1,mean,109,3.906250e-03
1307_left.jpg,P1,mean,110,3.906250e-03
1307_left.jpg,P1,mean,111,3.906250e-03
1307_left.jpg,P1,mean,112,3.906250e-03
1307_left.jpg,P1,mean,113,3.906250e-03
1307_left.jpg,P1,mean,114,3.906250e-03
1307_left.jpg,P1,mean,115,3.906250e-03
1307_left.jpg,P1,mean,116,3.906250e-03
1307_left.jpg,P1,mean,117,3.906250e-03
1307_left.jpg,P1,mean,118,3.906250e-03
1307_left.jpg,P1,mean,119,3.906250e-03
1307_left.jpg,P1,mean,120,3.906250e-03
1307_left.jpg,P1,mean,121,3.906250e-03
1307_left.jpg,P1,mean,122,3.906250e-03
1307_left.jpg,P1,mean,123,3.906250e-03
1307_left.jpg,P1,mean,124,3.906250e-03
1307_left.jpg,P1,mean,125,3.906250e-03
1307_left.jpg,P1,mean,126,3.906250e-03
1307_left.jpg,P1,mean,127,3.906250e-03
1307_left.jpg,P1,mean,128,3.906250e-03
1307_left.jpg,P1,mean,129,3.906250e-03
1307_left.jpg,P1,mean,130,3.906250e-03
1307_left.jpg,P1,mean,131,3.906250e-03
1307_left.jpg,P1,mean,132,3.906250e-03
1307_left.jpg,P1,mean,133,3.906250e-03
1307_left.jpg,P1,mean,134,3.906250e-03
1307_left.jpg,P1,mean,135,3.906250e-03
1307_left.jpg,P1,mean,136,3.906250e-03
1307_left.jpg,P1,mean,137,3.906250e-03
1307_left.jpg,P1,mean,138,3.906250e-03
1307_left.jpg,P1,mean,139,3.906250e-03
1307_left.jpg,P1,mean,140,3.906250e-03
1307_left.jpg,P1,mean,141,3.906250e-03
1307_left.jpg,P1,mean,142,3.906250e-03
1307_left.jpg,P1,mean,143,3.906250e-03
1307_left.jpg,P1,mean,144,3.906250e-03
1307_left.jpg,P1,mean,145,3.906250e-03
1307_left.jpg,P1,mean,146,3.906250e-03
1307_left.jpg,P1,mean,147,3.906250e-03
1307_left.jpg,P1,mean,148,3.906250e-03
1307_left.jpg,P1,mean,149,3.906250e-03
1307_left.jpg,P1,mean,150,3.906250e-03
1307_left.jpg,P1,mean,151,3.906250e-03
1307_left.jpg,P1,mean,152,3.906250e-03
1307_left.jpg,P1,mean,153,3.906250e-03
1307_left.jpg,P1,mean,154,3.906250e-03
1307_left.jpg,P1,mean,155,3.906250e-03
1307_left.jpg,P1,mean,156,3.906250e-03
1307_left.jpg,P1,mean,157,3.906250e-03
1307_left.jpg,P1,mean,158,3.906250e-03
1307_left.jpg,P1,mean,159,3.906250e-03
1307_left.jpg,P1,mean,160,3.906250e-03
1307_left.jpg,P1,mean,161,3.906250e-03
1307_left.jpg,P1,mean,162,3.906250e-03
1307_left.jpg,P1,mean,163,3.906250e-03
1307_left.jpg,P1,mean,164,3.906250e-03
1307_left.jpg,P1,mean,165,3.906250e-03
1307_left.jpg,P1,mean,166,3.906250e-03
1307_left.jpg,P1,mean,167,3.906250e-03
1307_left.jpg,P1,mean,168,3.906250e-03
1307_left.jpg,P1,mean,169,3.906250e-03
1307_left.jpg,P1,mean,170,3.906250e-03
1307_left.jpg,P1,mean,171,3.906250e-03
1307_left.jpg,P1,mean,172,3.906250e-03
1307_left.jpg,P1,mean,173,3.906250e-03
1307_left.jpg,P1,mean,174,3.906250e-03
1307_left.jpg,P1,mean,175,3.906250e-03
1307_left.jpg,P1,mean,176,3.906250e-03
1307_left.jpg,P1,mean,177,3.906250e-03
1307_left.jpg,P1,mean,178,3.906250e-03
1307_left.jpg,P1,mean,179,3.906250e-03
1307_left.jpg,P1,mean,180,3.906250e-03
1307_left.jpg,P1,mean,181,3.906250e-03
1307_left.jpg,P1,mean,182,3.906250e-03
1307_left.jpg,P1,mean,183,3.906250e-03
1307_left.jpg,P1,mean,184,3.906250e-03
1307_left.jpg,P1,mean,185,3.906250e-03
1307_left.jpg,P1,mean,186,3.906250e-03
1307_left.jpg,P1,mean,187,3.906250e-03
1307_left.jpg,P1,mean,188,3.906250e-03
1307_left.jpg,P1,mean,189,3.906250e-03
1307_left.jpg,P1,mean,190,3.906250e-03
1307_left.jpg,P1,mean,191,3.906250e-03
1307_left.jpg,P1,mean,192,3.906250e-03
1307_left.jpg,P1,mean,193,3.906250e-03
1307_left.jpg,P1,mean,194,3.906250e-03
1307_left.jpg,P1,mean,195,3.906250e-03
1307_left.jpg,P1,mean,196,3.906250e-03
1307_left.jpg,P1,mean,197,3.906250e-03
1307_left.jpg,P1,mean,198,3.906250e-03
1307_left.jpg,P1,mean,199,3.906250e-03
1307_left.jpg,P1,mean,200,3.906250e-03
1307_left.jpg,P1,mean,201,3.906250e-03
1307_left.jpg,P1,mean,202,3.906250e-03
1307_left.jpg,P1,mean,203,3.906250e-03
1307_left.jpg,P1,mean,204,3.906250e-03
1307_left.jpg,P1,mean,205,3.906250e-03
1307_left.jpg,P1,mean,206,3.906250e-03
1307_left.jpg,P1,mean,207,3.906250e-03
1307_left.jpg,P1,mean,208,3.906250e-03
1307_left.jpg,P1,mean,209,3.906250e-03
1307_left.jpg,P1,mean,210,3.906250e-03
1307_left.jpg,P1,mean,211,3.906250e-03
1307_left.jpg,P1,mean,212,3.906250e-03
1307_left.jpg,P1,mean,213,3.906250e-03
1307_left.jpg,P1,mean,214,3.906250e-03
1307_left.jpg,P1,mean,215,3.906250e-03
1307_left.jpg,P1,mean,216,3.906250e-03
1307_left.jpg,P1,mean,217,3.906250e-03
1307_left.jpg,P1,mean,218,3.906250e-03
1307_left.jpg,P1,mean,219,3.906250e-03
1307_left.jpg,P1,mean,220,3.906250e-03
1307_left.jpg,P1,mean,221,3.906250e-03
1307_left.jpg,P1,mean,222,3.906250e-03
1307_left.jpg,P1,mean,223,3.906250e-03
1307_left.jpg,P1,mean,224,3.906250e-03
1307_left.jpg,P1,mean,225,3.906250e-03
1307_left.jpg,P1,mean,226,3.906250e-03
1307_left.jpg,P1,mean,227,3.906250e-03
1307_left.jpg,P1,mean,228,3.906250e-03
1307_left.jpg,P1,mean,229,3.906250e-03
1307_left.jpg,P1,mean,230,3.906250e-03
1307_left.jpg,P1,mean,231,3.906250e-03
1307_left.jpg,P1,mean,232,3.906250e-03
1307_left.jpg,P1,mean,233,3.906250e-03
1307_left.jpg,P1,mean,234,3.906250e-03
1307_left.jpg,P1,mean,235,3.906250e-03
1307_left.jpg,P1,mean,236,3.906250e-03
1307_left.jpg,P1,mean,237,3.906250e-03
1307_left.jpg,P1,mean,238,3.906250e-03
1307_left.jpg,P1,mean,239,3.906250e-03
1307_left.jpg,P1,mean,240,3.906250e-03
1307_left.jpg,P1,mean,241,3.906250e-03
1307_left.jpg,P1,mean,242,3.906250e-03
1307_left.jpg,P1,mean,243,3.906250e-03
1307_left.jpg,P1,mean,244,3.906250e-03
1307_left.jpg,P1,mean,245,3.906250e-03
1307_left.jpg,P1,mean,246,3.906250e-03
1307_left.jpg,P1,mean,247,3.906250e-03
1307_left.jpg,P1,mean,248,3.906250e-03
1307_left.jpg,P1,mean,249,3.906250e-03
1307_left.jpg,P1,mean,250,3.906250e-03
1307_left.jpg,P1,mean,251,3.906250e-03
1307_left.jpg,P1,mean,252,3.906250e-03
1307_left.jpg,P1,mean,253,3.906250e-03
1307_left.jpg,P1,mean,254,3.906250e-03
1307_left.jpg,P1,mean,255,3.906250e-03
1307_left.jpg,P1,max,0,1.171875e-03
1307_left.jpg,P1,max,1,1.171875e-03
1307_left.jpg,P1,max,2,3.125000e-03
1307_left.jpg,P1,max,3,7.812500e-04
1307_left.jpg,P1,max,4,3.906250e-04
1307_left.jpg,P1,max,5,1.562500e-03
1307_left.jpg,P1,max,6,3.906250e-04
1307_left.jpg,P1,max,7,1.562500e-02
1307_left.jpg,P1,max,8,1.953125e-03
1307_left.jpg,P1,max,9,3.125000e-03
1307_left.jpg,P1,max,10,3.125000e-03
1307_left.jpg,P1,max,11,1.562500e-03
1307_left.jpg,P1,max,12,3.906250e-04
1307_left.jpg,P1,max,13,3.906250e-04
1307_left.jpg,P1,max,14,1.054688e-02
1307_left.jpg,P1,max,15,8.203125e-03
1307_left.jpg,P1,max,16,2.773437e-02
1307_left.jpg,P1,max,17,3.906250e-04
1307_left.jpg,P1,max,18,8.984375e-03
1307_left.jpg,P1,max,19,7.812500e-04
1307_left.jpg,P1,max,20,1.953125e-03
1307_left.jpg,P1,max,21,6.367187e-02
1307_left.jpg,P1,max,22,3.906250e-04
1307_left.jpg,P1,max,23,5.859375e-03
1307_left.jpg,P1,max,24,0.000000e+00
1307_left.jpg,P1,max,25,3.906250e-03
1307_left.jpg,P1,max,26,3.906250e-03
1307_left.jpg,P1,max,27,3.906250e-03
1307_left.jpg,P1,max,28,3.906250e-04
1307_left.jpg,P1,max,29,3.906250e-04
1307_left.jpg,P1,max,30,3.906250e-04
1307_left.jpg,P1,max,31,7.812500e-04
1307_left.jpg,P1,max,32,7.812500e-04
1307_left.jpg,P1,max,33,3.906250e-04
1307_left.jpg,P1,max,34,7.812500e-04
1307_left.jpg,P1,max,35,7.812500e-04
1307_left.jpg,P1,max,36,1.562500e-03
1307_left.jpg,P1,max,37,7.812500e-04
1307_left.jpg,P1,max,38,7.812500e-04
1307_left.jpg,P1,max,39,3.906250e-04
1307_left.jpg,P1,max,40,1.171875e-03
1307_left.jpg,P1,max,41,7.812500e-04
1307_left.jpg,P1,max,42,4.687500e-03
1307_left.jpg,P1,max,43,1.171875e-03
1307_left.jpg,P1,max,44,2.343750e-03
1307_left.jpg,P1,max,45,7.812500e-04
1307_left.jpg,P1,max,46,1.562500e-03
1307_left.jpg,P1,max,47,5.742187e-02
1307_left.jpg,P1,max,48,2.656250e-02
1307_left.jpg,P1,max,49,3.906250e-04
1307_left.jpg,P1,max,50,9.375000e-03
1307_left.jpg,P1,max,51,3.515625e-03
1307_left.jpg,P1,max,52,1.171875e-03
1307_left.jpg,P1,max,53,1.171875e-03
1307_left.jpg,P1,max,54,3.906250e-04
1307_left.jpg,P1,max,55,3.906250e-04
1307_left.jpg,P1,max,56,7.031250e-03
1307_left.jpg,P1,max,57,1.171875e-03
1307_left.jpg,P1,max,58,0.000000e+00
1307_left.jpg,P1,max,59,7.812500e-04
1307_left.jpg,P1,max,60,1.562500e-03
1307_left.jpg,P1,max,61,4.921875e-02
1307_left.jpg,P1,max,62,2.734375e-03
1307_left.jpg,P1,max,63,7.812500e-04
1307_left.jpg,P1,max,64,7.812500e-04
1307_left.jpg,P1,max,65,8.203125e-03
1307_left.jpg,P1,max,66,7.421875e-03
1307_left.jpg,P1,max,67,4.296875e-03
1307_left.jpg,P1,max,68,7.812500e-04
1307_left.jpg,P1,max,69,1.171875e-03
1307_left.jpg,P1,max,70,2.070313e-02
1307_left.jpg,P1,max,71,1.953125e-03
1307_left.jpg,P1,max,72,1.562500e-03
1307_left.jpg,P1,max,73,1.953125e-03
1307_left.jpg,P1,max,74,3.515625e-03
1307_left.jpg,P1,max,75,7.812500e-04
1307_left.jpg,P1,max,76,0.000000e+00
1307_left.jpg,P1,max,77,7.812500e-04
1307_left.jpg,P1,max,78,7.812500e-04
1307_left.jpg,P1,max,79,0.000000e+00
1307_left.jpg,P1,max,80,2.343750e-03
1307_left.jpg,P1,max,81,0.000000e+00
1307_left.jpg,P1,max,82,7.031250e-03
1307_left.jpg,P1,max,83,2.734375e-03
1307_left.jpg,P1,max,84,3.906250e-03
1307_left.jpg,P1,max,85,2.343750e-03
1307_left.jpg,P1,max,86,8.203125e-03
1307_left.jpg,P1,max,87,0.000000e+00
1307_left.jpg,P1,max,88,2.343750e-03
1307_left.jpg,P1,max,89,7.812500e-04
1307_left.jpg,P1,max,90,0.000000e+00
1307_left.jpg,P1,max,91,0.000000e+00
1307_left.jpg,P1,max,92,7.812500e-03
1307_left.jpg,P1,max,93,6.640625e-03
1307_left.jpg,P1,max,94,0.000000e+00
1307_left.jpg,P1,max,95,2.343750e-03
1307_left.jpg,P1,max,96,1.562500e-03
1307_left.jpg,P1,max,97,1.015625e-02
1307_left.jpg,P1,max,98,3.906250e-04
1307_left.jpg,P1,max,99,1.953125e-03
1307_left.jpg,P1,max,100,1.562500e-03
1307_left.jpg,P1,max,101,1.953125e-03
1307_left.jpg,P1,max,102,2.343750e-03
1307_left.jpg,P1,max,103,1.875000e-02
1307_left.jpg,P1,max,104,3.906250e-04
1307_left.jpg,P1,max,105,0.000000e+00
1307_left.jpg,P1,max,106,3.906250e-04
1307_left.jpg,P1,max,107,0.000000e+00
1307_left.jpg,P1,max,108,0.000000e+00
1307_left.jpg,P1,max,109,3.906250e-04
1307_left.jpg,P1,max,110,0.000000e+00
1307_left.jpg,P1,max,111,7.812500e-04
1307_left.jpg,P1,max,112,3.906250e-04
1307_left.jpg,P1,max,113,5.078125e-03
1307_left.jpg,P1,max,114,0.000000e+00
1307_left.jpg,P1,max,115,4.296875e-03
1307_left.jpg,P1,max,116,2.343750e-03
1307_left.jpg,P1,max,117,7.812500e-04
1307_left.jpg,P1,max,118,1.015625e-02
1307_left.jpg,P1,max,119,1.953125e-03
1307_left.jpg,P1,max,120,2.343750e-03
1307_left.jpg,P1,max,121,2.343750e-03
1307_left.jpg,P1,max,122,5.078125e-03
1307_left.jpg,P1,max,123,1.562500e-03
1307_left.jpg,P1,max,124,0.000000e+00
1307_left.jpg,P1,max,125,0.000000e+00
1307_left.jpg,P1,max,126,0.000000e+00
1307_left.jpg,P1,max,127,1.445313e-02
1307_left.jpg,P1,max,128,1.171875e-03
1307_left.jpg,P1,max,129,3.906250e-03
1307_left.jpg,P1,max,130,7.812500e-04
1307_left.jpg,P1,max,131,7.812500e-03
1307_left.jpg,P1,max,132,1.718750e-02
1307_left.jpg,P1,max,133,1.171875e-02
1307_left.jpg,P1,max,134,1.835937e-02
1307_left.jpg,P1,max,135,1.953125e-03
1307_left.jpg,P1,max,136,2.929688e-02
1307_left.jpg,P1,max,137,0.000000e+00
1307_left.jpg,P1,max,138,2.343750e-03
1307_left.jpg,P1,max,139,0.000000e+00
1307_left.jpg,P1,max,140,0.000000e+00
1307_left.jpg,P1,max,141,7.812500e-04
1307_left.jpg,P1,max,142,4.296875e-03
1307_left.jpg,P1,max,143,3.906250e-04
1307_left.jpg,P1,max,144,0.000000e+00
1307_left.jpg,P1,max,145,7.421875e-03
1307_left.jpg,P1,max,146,7.421875e-03
1307_left.jpg,P1,max,147,3.906250e-04
1307_left.jpg,P1,max,148,6.640625e-03
1307_left.jpg,P1,max,149,1.484375e-02
1307_left.jpg,P1,max,150,2.695313e-02
1307_left.jpg,P1,max,151,3.125000e-03
1307_left.jpg,P1,max,152,1.171875e-03
1307_left.jpg,P1,max,153,1.171875e-03
1307_left.jpg,P1,max,154,7.421875e-03
1307_left.jpg,P1,max,155,3.906250e-04
1307_left.jpg,P1,max,156,9.765625e-03
1307_left.jpg,P1,max,157,1.562500e-03
1307_left.jpg,P1,max,158,0.000000e+00
1307_left.jpg,P1,max,159,3.906250e-04
1307_left.jpg,P1,max,160,3.515625e-03
1307_left.jpg,P1,max,161,2.031250e-02
1307_left.jpg,P1,max,162,3.906250e-04
1307_left.jpg,P1,max,163,3.906250e-04
1307_left.jpg,P1,max,164,7.812500e-04
1307_left.jpg,P1,max,165,1.171875e-03
1307_left.jpg,P1,max,166,7.812500e-04
1307_left.jpg,P1,max,167,0.000000e+00
1307_left.jpg,P1,max,168,3.281250e-02
1307_left.jpg,P1,max,169,3.906250e-04
1307_left.jpg,P1,max,170,3.906250e-04
1307_left.jpg,P1,max,171,2.343750e-03
1307_left.jpg,P1,max,172,3.906250e-04
1307_left.jpg,P1,max,173,3.906250e-04
1307_left.jpg,P1,max,174,3.125000e-03
1307_left.jpg,P1,max,175,7.812500e-04
1307_left.jpg,P1,max,176,0.000000e+00
1307_left.jpg,P1,max,177,7.812500e-04
1307_left.jpg,P1,max,178,3.125000e-03
1307_left.jpg,P1,max,179,3.906250e-04
1307_left.jpg,P1,max,180,7.812500e-04
1307_left.jpg,P1,max,181,0.000000e+00
1307_left.jpg,P1,max,182,3.906250e-04
1307_left.jpg,P1,max,183,6.250000e-03
1307_left.jpg,P1,max,184,1.171875e-03
1307_left.jpg,P1,max,185,3.906250e-04
1307_left.jpg,P1,max,186,3.515625e-03
1307_left.jpg,P1,max,187,1.562500e-03
1307_left.jpg,P1,max,188,6.250000e-03
1307_left.jpg,P1,max,189,8.593750e-03
1307_left.jpg,P1,max,190,7.812500e-04
1307_left.jpg,P1,max,191,1.953125e-03
1307_left.jpg,P1,max,192,0.000000e+00
1307_left.jpg,P1,max,193,1.953125e-03
1307_left.jpg,P1,max,194,1.171875e-03
1307_left.jpg,P1,max,195,3.906250e-04
1307_left.jpg,P1,max,196,1.171875e-03
1307_left.jpg,P1,max,197,3.125000e-03
1307_left.jpg,P1,max,198,1.171875e-03
1307_left.jpg,P1,max,199,2.734375e-03
1307_left.jpg,P1,max,200,2.734375e-03
1307_left.jpg,P1,max,201,0.000000e+00
1307_left.jpg,P1,max,202,3.906250e-04
1307_left.jpg,P1,max,203,4.687500e-03
1307_left.jpg,P1,max,204,3.906250e-04
1307_left.jpg,P1,max,205,1.953125e-03
1307_left.jpg,P1,max,206,1.953125e-03
1307_left.jpg,P1,max,207,3.906250e-04
1307_left.jpg,P1,max,208,0.000000e+00
1307_left.jpg,P1,max,209,3.906250e-04
1307_left.jpg,P1,max,210,7.812500e-04
1307_left.jpg,P1,max,211,3.125000e-03
1307_left.jpg,P1,max,212,5.468750e-03
1307_left.jpg,P1,max,213,7.812500e-04
1307_left.jpg,P1,max,214,3.515625e-03
1307_left.jpg,P1,max,215,1.171875e-03
1307_left.jpg,P1,max,216,0.000000e+00
1307_left.jpg,P1,max,217,0.000000e+00
1307_left.jpg,P1,max,218,1.562500e-03
1307_left.jpg,P1,max,219,0.000000e+00
1307_left.jpg,P1,max,220,1.406250e-02
1307_left.jpg,P1,max,221,3.906250e-04
1307_left.jpg,P1,max,222,1.562500e-03
1307_left.jpg,P1,max,223,2.343750e-03
1307_left.jpg,P1,max,224,0.000000e+00
1307_left.jpg,P1,max,225,4.296875e-03
1307_left.jpg,P1,max,226,3.125000e-03
1307_left.jpg,P1,max,227,0.000000e+00
1307_left.jpg,P1,max,228,4.687500e-03
1307_left.jpg,P1,max,229,0.000000e+00
1307_left.jpg,P1,max,230,2.968750e-02
1307_left.jpg,P1,max,231,3.906250e-04
1307_left.jpg,P1,max,232,7.812500e-04
1307_left.jpg,P1,max,233,1.640625e-02
1307_left.jpg,P1,max,234,1.171875e-03
1307_left.jpg,P1,max,235,7.421875e-03
1307_left.jpg,P1,max,236,0.000000e+00
1307_left.jpg,P1,max,237,0.000000e+00
1307_left.jpg,P1,max,238,0.000000e+00
1307_left.jpg,P1,max,239,0.000000e+00
1307_left.jpg,P1,max,240,4.687500e-03
1307_left.jpg,P1,max,241,1.171875e-03
1307_left.jpg,P1,max,242,0.000000e+00
1307_left.jpg,P1,max,243,1.953125e-03
1307_left.jpg,P1,max,244,0.000000e+00
1307_left.jpg,P1,max,245,7.812500e-04
1307_left.jpg,P1,max,246,3.906250e-03
1307_left.jpg,P1,max,247,0.000000e+00
1307_left.jpg,P1,max,248,0.000000e+00
1307_left.jpg,P1,max,249,2.734375e-03
1307_left.jpg,P1,max,250,0.000000e+00
1307_left.jpg,P1,max,251,1.171875e-03
1307_left.jpg,P1,max,252,7.812500e-04
1307_left.jpg,P1,max,253,0.000000e+00
1307_left.jpg,P1,max,254,3.125000e-03
1307_left.jpg,P1,max,255,7.812500e-03
1307_left.jpg,P1,topk,0,0.000000e+00
1307_left.jpg,P1,topk,1,0.000000e+00
1307_left.jpg,P1,topk,2,0.000000e+00
1307_left.jpg,P1,topk,3,0.000000e+00
1307_left.jpg,P1,topk,4,0.000000e+00
1307_left.jpg,P1,topk,5,0.000000e+00
1307_left.jpg,P1,topk,6,0.000000e+00
1307_left.jpg,P1,topk,7,4.000000e-02
1307_left.jpg,P1,topk,8,0.000000e+00
1307_left.jpg,P1,topk,9,0.000000e+00
1307_left.jpg,P1,topk,10,0.000000e+00
1307_left.jpg,P1,topk,11,0.000000e+00
1307_left.jpg,P1,topk,12,0.000000e+00
1307_left.jpg,P1,topk,13,0.000000e+00
1307_left.jpg,P1,topk,14,4.000000e-02
1307_left.jpg,P1,topk,15,0.000000e+00
1307_left.jpg,P1,topk,16,4.000000e-02
1307_left.jpg,P1,topk,17,0.000000e+00
1307_left.jpg,P1,topk,18,0.000000e+00
1307_left.jpg,P1,topk,19,0.000000e+00
1307_left.jpg,P1,topk,20,0.000000e+00
1307_left.jpg,P1,topk,21,4.000000e-02
1307_left.jpg,P1,topk,22,0.000000e+00
1307_left.jpg,P1,topk,23,0.000000e+00
1307_left.jpg,P1,topk,24,0.000000e+00
1307_left.jpg,P1,topk,25,0.000000e+00
1307_left.jpg,P1,topk,26,0.000000e+00
1307_left.jpg,P1,topk,27,0.000000e+00
1307_left.jpg,P1,topk,28,0.000000e+00
1307_left.jpg,P1,topk,29,0.000000e+00
1307_left.jpg,P1,topk,30,0.000000e+00
1307_left.jpg,P1,topk,31,0.000000e+00
1307_left.jpg,P1,topk,32,0.000000e+00
1307_left.jpg,P1,topk,33,0.000000e+00
1307_left.jpg,P1,topk,34,0.000000e+00
1307_left.jpg,P1,topk,35,0.000000e+00
1307_left.jpg,P1,topk,36,0.000000e+00
1307_left.jpg,P1,topk,37,0.000000e+00
1307_left.jpg,P1,topk,38,0.000000e+00
1307_left.jpg,P1,topk,39,0.000000e+00
1307_left.jpg,P1,topk,40,0.000000e+00
1307_left.jpg,P1,topk,41,0.000000e+00
1307_left.jpg,P1,topk,42,0.000000e+00
1307_left.jpg,P1,topk,43,0.000000e+00
1307_left.jpg,P1,topk,44,0.000000e+00
1307_left.jpg,P1,topk,45,0.000000e+00
1307_left.jpg,P1,topk,46,0.000000e+00
1307_left.jpg,P1,topk,47,4.000000e-02
1307_left.jpg,P1,topk,48,4.000000e-02
1307_left.jpg,P1,topk,49,0.000000e+00
1307_left.jpg,P1,topk,50,0.000000e+00
1307_left.jpg,P1,topk,51,0.000000e+00
1307_left.jpg,P1,topk,52,0.000000e+00
1307_left.jpg,P1,topk,53,0.000000e+00
1307_left.jpg,P1,topk,54,0.000000e+00
1307_left.jpg,P1,topk,55,0.000000e+00
1307_left.jpg,P1,topk,56,0.000000e+00
1307_left.jpg,P1,topk,57,0.000000e+00
1307_left.jpg,P1,topk,58,0.000000e+00
1307_left.jpg,P1,topk,59,0.000000e+00
1307_left.jpg,P1,topk,60,0.000000e+00
1307_left.jpg,P1,topk,61,4.000000e-02
1307_left.jpg,P1,topk,62,0.000000e+00
1307_left.jpg,P1,topk,63,0.000000e+00
1307_left.jpg,P1,topk,64,0.000000e+00
1307_left.jpg,P1,topk,65,0.000000e+00
1307_left.jpg,P1,topk,66,0.000000e+00
1307_left.jpg,P1,topk,67,0.000000e+00
1307_left.jpg,P1,topk,68,0.000000e+00
1307_left.jpg,P1,topk,69,0.000000e+00
1307_left.jpg,P1,topk,70,4.000000e-02
1307_left.jpg,P1,topk,71,0.000000e+00
1307_left.jpg,P1,topk,72,0.000000e+00
1307_left.jpg,P1,topk,73,0.000000e+00
1307_left.jpg,P1,topk,74,0.000000e+00
1307_left.jpg,P1,topk,75,0.000000e+00
1307_left.jpg,P1,topk,76,0.000000e+00
1307_left.jpg,P1,topk,77,0.000000e+00
1307_left.jpg,P1,topk,78,0.000000e+00
1307_left.jpg,P1,topk,79,0.000000e+00
1307_left.jpg,P1,topk,80,0.000000e+00
1307_left.jpg,P1,topk,81,0.000000e+00
1307_left.jpg,P1,topk,82,0.000000e+00
1307_left.jpg,P1,topk,83,0.000000e+00
1307_left.jpg,P1,topk,84,0.000000e+00
1307_left.jpg,P1,topk,85,0.000000e+00
1307_left.jpg,P1,topk,86,4.000000e-02
1307_left.jpg,P1,topk,87,0.000000e+00
1307_left.jpg,P1,topk,88,0.000000e+00
1307_left.jpg,P1,topk,89,0.000000e+00
1307_left.jpg,P1,topk,90,0.000000e+00
1307_left.jpg,P1,topk,91,0.000000e+00
1307_left.jpg,P1,topk,92,4.000000e-02
1307_left.jpg,P1,topk,93,0.000000e+00
1307_left.jpg,P1,topk,94,0.000000e+00
1307_left.jpg,P1,topk,95,0.000000e+00
1307_left.jpg,P1,topk,96,0.000000e+00
1307_left.jpg,P1,topk,97,0.000000e+00
1307_left.jpg,P1,topk,98,0.000000e+00
1307_left.jpg,P1,topk,99,0.000000e+00
1307_left.jpg,P1,topk,100,0.000000e+00
1307_left.jpg,P1,topk,101,0.000000e+00
1307_left.jpg,P1,topk,102,0.000000e+00
1307_left.jpg,P1,topk,103,4.000000e-02
1307_left.jpg,P1,topk,104,0.000000e+00
1307_left.jpg,P1,topk,105,0.000000e+00
1307_left.jpg,P1,topk,106,0.000000e+00
1307_left.jpg,P1,topk,107,0.000000e+00
1307_left.jpg,P1,topk,108,0.000000e+00
1307_left.jpg,P1,topk,109,0.000000e+00
1307_left.jpg,P1,topk,110,0.000000e+00
1307_left.jpg,P1,topk,111,0.000000e+00
1307_left.jpg,P1,topk,112,0.000000e+00
1307_left.jpg,P1,topk,113,0.000000e+00
1307_left.jpg,P1,topk,114,0.000000e+00
1307_left.jpg,P1,topk,115,0.000000e+00
1307_left.jpg,P1,topk,116,0.000000e+00
1307_left.jpg,P1,topk,117,0.000000e+00
1307_left.jpg,P1,topk,118,0.000000e+00
1307_left.jpg,P1,topk,119,0.000000e+00
1307_left.jpg,P1,topk,120,0.000000e+00
1307_left.jpg,P1,topk,121,0.000000e+00
1307_left.jpg,P1,topk,122,0.000000e+00
1307_left.jpg,P1,topk,123,4.000000e-02
1307_left.jpg,P1,topk,124,4.000000e-02
1307_left.jpg,P1,topk,125,0.000000e+00
1307_left.jpg,P1,topk,126,0.000000e+00
1307_left.jpg,P1,topk,127,0.000000e+00
1307_left.jpg,P1,topk,128,0.000000e+00
1307_left.jpg,P1,topk,129,0.000000e+00
1307_left.jpg,P1,topk,130,0.000000e+00
1307_left.jpg,P1,topk,131,0.000000e+00
1307_left.jpg,P1,topk,132,4.000000e-02
1307_left.jpg,P1,topk,133,0.000000e+00
1307_left.jpg,P1,topk,134,4.000000e-02
1307_left.jpg,P1,topk,135,0.000000e+00
1307_left.jpg,P1,topk,136,4.000000e-02
1307_left.jpg,P1,topk,137,0.000000e+00
1307_left.jpg,P1,topk,138,0.000000e+00
1307_left.jpg,P1,topk,139,0.000000e+00
1307_left.jpg,P1,topk,140,0.000000e+00
1307_left.jpg,P1,topk,141,0.000000e+00
1307_left.jpg,P1,topk,142,0.000000e+00
1307_left.jpg,P1,topk,143,0.000000e+00
1307_left.jpg,P1,topk,144,0.000000e+00
1307_left.jpg,P1,topk,145,4.000000e-02
1307_left.jpg,P1,topk,146,0.000000e+00
1307_left.jpg,P1,topk,147,0.000000e+00
1307_left.jpg,P1,topk,148,0.000000e+00
1307_left.jpg,P1,topk,149,4.000000e-02
1307_left.jpg,P1,topk,150,4.000000e-02
1307_left.jpg,P1,topk,151,0.000000e+00
1307_left.jpg,P1,topk,152,0.000000e+00
1307_left.jpg,P1,topk,153,0.000000e+00
1307_left.jpg,P1,topk,154,0.000000e+00
1307_left.jpg,P1,topk,155,0.000000e+00
1307_left.jpg,P1,topk,156,4.000000e-02
1307_left.jpg,P1,topk,157,0.000000e+00
1307_left.jpg,P1,topk,158,0.000000e+00
1307_left.jpg,P1,topk,159,0.000000e+00
1307_left.jpg,P1,topk,160,0.000000e+00
1307_left.jpg,P1,topk,161,4.000000e-02
1307_left.jpg,P1,topk,162,0.000000e+00
1307_left.jpg,P1,topk,163,0.000000e+00
1307_left.jpg,P1,topk,164,0.000000e+00
1307_left.jpg,P1,topk,165,0.000000e+00
1307_left.jpg,P1,topk,166,0.000000e+00
1307_left.jpg,P1,topk,167,0.000000e+00
1307_left.jpg,P1,topk,168,4.000000e-02
1307_left.jpg,P1,topk,169,0.000000e+00
1307_left.jpg,P1,topk,170,0.000000e+00
1307_left.jpg,P1,topk,171,0.000000e+00
1307_left.jpg,P1,topk,172,0.000000e+00
1307_left.jpg,P1,topk,173,0.000000e+00
1307_left.jpg,P1,topk,174,0.000000e+00
1307_left.jpg,P1,topk,175,0.000000e+00
1307_left.jpg,P1,topk,176,0.000000e+00
1307_left.jpg,P1,topk,177,0.000000e+00
1307_left.jpg,P1,topk,178,0.000000e+00
1307_left.jpg,P1,topk,179,0.000000e+00
1307_left.jpg,P1,topk,180,0.000000e+00
1307_left.jpg,P1,topk,181,0.000000e+00
1307_left.jpg,P1,topk,182,0.000000e+00
1307_left.jpg,P1,topk,183,0.000000e+00
1307_left.jpg,P1,topk,184,0.000000e+00
1307_left.jpg,P1,topk,185,0.000000e+00
1307_left.jpg,P1,topk,186,0.000000e+00
1307_left.jpg,P1,topk,187,0.000000e+00
1307_left.jpg,P1,topk,188,0.000000e+00
1307_left.jpg,P1,topk,189,0.000000e+00
1307_left.jpg,P1,topk,190,0.000000e+00
1307_left.jpg,P1,topk,191,0.000000e+00
1307_left.jpg,P1,topk,192,0.000000e+00
1307_left.jpg,P1,topk,193,0.000000e+00
1307_left.jpg,P1,topk,194,0.000000e+00
1307_left.jpg,P1,topk,195,0.000000e+00
1307_left.jpg,P1,topk,196,0.000000e+00
1307_left.jpg,P1,topk,197,0.000000e+00
1307_left.jpg,P1,topk,198,0.000000e+00
1307_left.jpg,P1,topk,199,0.000000e+00
1307_left.jpg,P1,topk,200,0.000000e+00
1307_left.jpg,P1,topk,201,0.000000e+00
1307_left.jpg,P1,topk,202,0.000000e+00
1307_left.jpg,P1,topk,203,0.000000e+00
1307_left.jpg,P1,topk,204,0.000000e+00
1307_left.jpg,P1,topk,205,0.000000e+00
1307_left.jpg,P1,topk,206,0.000000e+00
1307_left.jpg,P1,topk,207,0.000000e+00
1307_left.jpg,P1,topk,208,0.000000e+00
1307_left.jpg,P1,topk,209,0.000000e+00
1307_left.jpg,P1,topk,210,0.000000e+00
1307_left.jpg,P1,topk,211,0.000000e+00
1307_left.jpg,P1,topk,212,0.000000e+00
1307_left.jpg,P1,topk,213,0.000000e+00
1307_left.jpg,P1,topk,214,0.000000e+00
1307_left.jpg,P1,topk,215,0.000000e+00
1307_left.jpg,P1,topk,216,0.000000e+00
1307_left.jpg,P1,topk,217,0.000000e+00
1307_left.jpg,P1,topk,218,0.000000e+00
1307_left.jpg,P1,topk,219,0.000000e+00
1307_left.jpg,P1,topk,220,4.000000e-02
1307_left.jpg,P1,topk,221,0.000000e+00
1307_left.jpg,P1,topk,222,0.000000e+00
1307_left.jpg,P1,topk,223,0.000000e+00
1307_left.jpg,P1,topk,224,0.000000e+00
1307_left.jpg,P1,topk,225,0.000000e+00
1307_left.jpg,P1,topk,226,0.000000e+00
1307_left.jpg,P1,topk,227,0.000000e+00
1307_left.jpg,P1,topk,228,0.000000e+00
1307_left.jpg,P1,topk,229,0.000000e+00
1307_left.jpg,P1,topk,230,4.000000e-02
1307_left.jpg,P1,topk,231,0.000000e+00
1307_left.jpg,P1,topk,232,0.000000e+00
1307_left.jpg,P1,topk,233,4.000000e-02
1307_left.jpg,P1,topk,234,0.000000e+00
1307_left.jpg,P1,topk,235,0.000000e+00
1307_left.jpg,P1,topk,236,0.000000e+00
1307_left.jpg,P1,topk,237,0.000000e+00
1307_left.jpg,P1,topk,238,0.000000e+00
1307_left.jpg,P1,topk,239,0.000000e+00
1307_left.jpg,P1,topk,240,0.000000e+00
1307_left.jpg,P1,topk,241,0.000000e+00
1307_left.jpg,P1,topk,242,0.000000e+00
1307_left.jpg,P1,topk,243,0.000000e+00
1307_left.jpg,P1,topk,244,0.000000e+00
1307_left.jpg,P1,topk,245,0.000000e+00
1307_left.jpg,P1,topk,246,0.000000e+00
1307_left.jpg,P1,topk,247,0.000000e+00
1307_left.jpg,P1,topk,248,0.000000e+00
1307_left.jpg,P1,topk,249,0.000000e+00
1307_left.jpg,P1,topk,250,0.000000e+00
1307_left.jpg,P1,topk,251,0.000000e+00
1307_left.jpg,P1,topk,252,0.000000e+00
1307_left.jpg,P1,topk,253,0.000000e+00
1307_left.jpg,P1,topk,254,0.000000e+00
1307_left.jpg,P1,topk,255,0.000000e+00
1307_left.jpg,P1,normw,0,3.458947e-03
1307_left.jpg,P1,normw,1,3.487151e-03
1307_left.jpg,P1,normw,2,3.739852e-03
1307_left.jpg,P1,normw,3,3.471411e-03
1307_left.jpg,P1,normw,4,3.407622e-03
1307_left.jpg,P1,normw,5,4.060640e-03
1307_left.jpg,P1,normw,6,3.682675e-03
1307_left.jpg,P1,normw,7,5.068208e-03
1307_left.jpg,P1,normw,8,3.694699e-03
1307_left.jpg,P1,normw,9,3.785024e-03
1307_left.jpg,P1,normw,10,3.907345e-03
1307_left.jpg,P1,normw,11,4.155145e-03
1307_left.jpg,P1,normw,12,3.161234e-03
1307_left.jpg,P1,normw,13,2.948166e-03
1307_left.jpg,P1,normw,14,5.113250e-03
1307_left.jpg,P1,normw,15,4.531757e-03
1307_left.jpg,P1,normw,16,5.823063e-03
1307_left.jpg,P1,normw,17,2.665139e-03
1307_left.jpg,P1,normw,18,4.858463e-03
1307_left.jpg,P1,normw,19,3.264107e-03
1307_left.jpg,P1,normw,20,3.752687e-03
1307_left.jpg,P1,normw,21,6.798457e-03
1307_left.jpg,P1,normw,22,3.352841e-03
1307_left.jpg,P1,normw,23,4.787234e-03
1307_left.jpg,P1,normw,24,2.921162e-03
1307_left.jpg,P1,normw,25,4.944670e-03
1307_left.jpg,P1,normw,26,4.117026e-03
1307_left.jpg,P1,normw,27,4.126060e-03
1307_left.jpg,P1,normw,28,2.725074e-03
1307_left.jpg,P1,normw,29,3.246595e-03
1307_left.jpg,P1,normw,30,3.133094e-03
1307_left.jpg,P1,normw,31,4.062222e-03
1307_left.jpg,P1,normw,32,3.938742e-03
1307_left.jpg,P1,normw,33,2.732515e-03
1307_left.jpg,P1,normw,34,3.178717e-03
1307_left.jpg,P1,normw,35,3.636750e-03
1307_left.jpg,P1,normw,36,3.731342e-03
1307_left.jpg,P1,normw,37,2.974878e-03
1307_left.jpg,P1,normw,38,3.320282e-03
1307_left.jpg,P1,normw,39,3.529127e-03
1307_left.jpg,P1,normw,40,3.996509e-03
1307_left.jpg,P1,normw,41,3.087589e-03
1307_left.jpg,P1,normw,42,4.848408e-03
1307_left.jpg,P1,normw,43,3.621665e-03
1307_left.jpg,P1,normw,44,3.901897e-03
1307_left.jpg,P1,normw,45,3.227359e-03
1307_left.jpg,P1,normw,46,3.093450e-03
1307_left.jpg,P1,normw,47,5.946229e-03
1307_left.jpg,P1,normw,48,5.276019e-03
1307_left.jpg,P1,normw,49,4.107300e-03
1307_left.jpg,P1,normw,50,4.721699e-03
1307_left.jpg,P1,normw,51,4.271999e-03
1307_left.jpg,P1,normw,52,3.436153e-03
1307_left.jpg,P1,normw,53,4.321091e-03
1307_left.jpg,P1,normw,54,3.409683e-03
1307_left.jpg,P1,normw,55,3.876134e-03
1307_left.jpg,P1,normw,56,4.580706e-03
1307_left.jpg,P1,normw,57,3.911611e-03
1307_left.jpg,P1,normw,58,2.966101e-03
1307_left.jpg,P1,normw,59,3.038717e-03
1307_left.jpg,P1,normw,60,4.082990e-03
1307_left.jpg,P1,normw,61,6.336415e-03
1307_left.jpg,P1,normw,62,4.258667e-03
1307_left.jpg,P1,normw,63,4.215840e-03
1307_left.jpg,P1,normw,64,3.912097e-03
1307_left.jpg,P1,normw,65,4.679984e-03
1307_left.jpg,P1,normw,66,4.267833e-03
1307_left.jpg,P1,normw,67,4.307793e-03
1307_left.jpg,P1,normw,68,3.744802e-03
1307_left.jpg,P1,normw,69,3.885384e-03
1307_left.jpg,P1,normw,70,5.685014e-03
1307_left.jpg,P1,normw,71,3.926147e-03
1307_left.jpg,P1,normw,72,3.074273e-03
1307_left.jpg,P1,normw,73,3.788946e-03
1307_left.jpg,P1,normw,74,3.747020e-03
1307_left.jpg,P1,normw,75,3.233447e-03
1307_left.jpg,P1,normw,76,3.168107e-03
1307_left.jpg,P1,normw,77,4.284547e-03
1307_left.jpg,P1,normw,78,3.029760e-03
1307_left.jpg,P1,normw,79,2.744487e-03
1307_left.jpg,P1,normw,80,4.388975e-03
1307_left.jpg,P1,normw,81,3.282479e-03
1307_left.jpg,P1,normw,82,4.707459e-03
1307_left.jpg,P1,normw,83,3.954491e-03
1307_left.jpg,P1,normw,84,4.291298e-03
1307_left.jpg,P1,normw,85,3.927724e-03
1307_left.jpg,P1,normw,86,5.162889e-03
1307_left.jpg,P1,normw,87,3.427577e-03
1307_left.jpg,P1,normw,88,3.572222e-03
1307_left.jpg,P1,normw,89,3.079435e-03
1307_left.jpg,P1,normw,90,2.754370e-03
1307_left.jpg,P1,normw,91,2.781756e-03
1307_left.jpg,P1,normw,92,5.064979e-03
1307_left.jpg,P1,normw,93,4.510575e-03
1307_left.jpg,P1,normw,94,2.976538e-03
1307_left.jpg,P1,normw,95,4.623214e-03
1307_left.jpg,P1,normw,96,3.574916e-03
1307_left.jpg,P1,normw,97,4.176556e-03
1307_left.jpg,P1,normw,98,3.744857e-03
1307_left.jpg,P1,normw,99,3.868654e-03
1307_left.jpg,P1,normw,100,3.572895e-03
1307_left.jpg,P1,normw,101,3.684736e-03
1307_left.jpg,P1,normw,102,3.874541e-03
1307_left.jpg,P1,normw,103,5.350799e-03
1307_left.jpg,P1,normw,104,2.971710e-03
1307_left.jpg,P1,normw,105,3.213984e-03
1307_left.jpg,P1,normw,106,3.330799e-03
1307_left.jpg,P1,normw,107,3.235562e-03
1307_left.jpg,P1,normw,108,3.283836e-03
1307_left.jpg,P1,normw,109,3.757472e-03
1307_left.jpg,P1,normw,110,2.871731e-03
1307_left.jpg,P1,normw,111,3.308454e-03
1307_left.jpg,P1,normw,112,3.647411e-03
1307_left.jpg,P1,normw,113,4.324855e-03
1307_left.jpg,P1,normw,114,3.434654e-03
1307_left.jpg,P1,normw,115,4.127339e-03
1307_left.jpg,P1,normw,116,3.902003e-03
1307_left.jpg,P1,normw,117,3.354996e-03
1307_left.jpg,P1,normw,118,4.659349e-03
1307_left.jpg,P1,normw,119,4.070582e-03
1307_left.jpg,P1,normw,120,4.326958e-03
1307_left.jpg,P1,normw,121,4.714277e-03
1307_left.jpg,P1,normw,122,4.481507e-03
1307_left.jpg,P1,normw,123,5.385838e-03
1307_left.jpg,P1,normw,124,5.056828e-03
1307_left.jpg,P1,normw,125,3.651904e-03
1307_left.jpg,P1,normw,126,2.961355e-03
1307_left.jpg,P1,normw,127,4.933347e-03
1307_left.jpg,P1,normw,128,3.866250e-03
1307_left.jpg,P1,normw,129,4.291724e-03
1307_left.jpg,P1,normw,130,3.528171e-03
1307_left.jpg,P1,normw,131,4.343435e-03
1307_left.jpg,P1,normw,132,5.751657e-03
1307_left.jpg,P1,normw,133,5.016823e-03
1307_left.jpg,P1,normw,134,5.504805e-03
1307_left.jpg,P1,normw,135,3.674788e-03
1307_left.jpg,P1,normw,136,6.391598e-03
1307_left.jpg,P1,normw,137,2.837468e-03
1307_left.jpg,P1,normw,138,3.759282e-03
1307_left.jpg,P1,normw,139,2.923559e-03
1307_left.jpg,P1,normw,140,3.240673e-03
1307_left.jpg,P1,normw,141,3.506208e-03
1307_left.jpg,P1,normw,142,3.477703e-03
1307_left.jpg,P1,normw,143,3.632647e-03
1307_left.jpg,P1,normw,144,2.961489e-03
1307_left.jpg,P1,normw,145,5.134783e-03
1307_left.jpg,P1,normw,146,4.764149e-03
1307_left.jpg,P1,normw,147,3.611756e-03
1307_left.jpg,P1,normw,148,4.895736e-03
1307_left.jpg,P1,normw,149,5.377916e-03
1307_left.jpg,P1,normw,150,5.797730e-03
1307_left.jpg,P1,normw,151,4.155757e-03
1307_left.jpg,P1,normw,152,3.448791e-03
1307_left.jpg,P1,normw,153,3.350796e-03
1307_left.jpg,P1,normw,154,4.407298e-03
1307_left.jpg,P1,normw,155,3.325384e-03
1307_left.jpg,P1,normw,156,5.140491e-03
1307_left.jpg,P1,normw,157,3.628527e-03
1307_left.jpg,P1,normw,158,3.249644e-03
1307_left.jpg,P1,normw,159,3.571644e-03
1307_left.jpg,P1,normw,160,4.232597e-03
1307_left.jpg,P1,normw,161,5.962309e-03
1307_left.jpg,P1,normw,162,3.835858e-03
1307_left.jpg,P1,normw,163,3.687103e-03
1307_left.jpg,P1,normw,164,3.065837e-03
1307_left.jpg,P1,normw,165,3.568102e-03
1307_left.jpg,P1,normw,166,3.882062e-03
1307_left.jpg,P1,normw,167,2.389060e-03
1307_left.jpg,P1,normw,168,6.450607e-03
1307_left.jpg,P1,normw,169,3.580621e-03
1307_left.jpg,P1,normw,170,3.693069e-03
1307_left.jpg,P1,normw,171,4.193591e-03
1307_left.jpg,P1,normw,172,3.061268e-03
1307_left.jpg,P1,normw,173,3.740571e-03
1307_left.jpg,P1,normw,174,3.835688e-03
1307_left.jpg,P1,normw,175,3.685607e-03
1307_left.jpg,P1,normw,176,3.175760e-03
1307_left.jpg,P1,normw,177,4.067356e-03
1307_left.jpg,P1,normw,178,4.267757e-03
1307_left.jpg,P1,normw,179,3.709827e-03
1307_left.jpg,P1,normw,180,3.672190e-03
1307_left.jpg,P1,normw,181,3.900302e-03
1307_left.jpg,P1,normw,182,2.953263e-03
1307_left.jpg,P1,normw,183,4.488605e-03
1307_left.jpg,P1,normw,184,4.085465e-03
1307_left.jpg,P1,normw,185,3.567106e-03
1307_left.jpg,P1,normw,186,3.621692e-03
1307_left.jpg,P1,normw,187,3.521150e-03
1307_left.jpg,P1,normw,188,4.612213e-03
1307_left.jpg,P1,normw,189,4.579433e-03
1307_left.jpg,P1,normw,190,3.574573e-03
1307_left.jpg,P1,normw,191,4.254960e-03
1307_left.jpg,P1,normw,192,2.551395e-03
1307_left.jpg,P1,normw,193,4.244459e-03
1307_left.jpg,P1,normw,194,3.762643e-03
1307_left.jpg,P1,normw,195,3.802374e-03
1307_left.jpg,P1,normw,196,3.424441e-03
1307_left.jpg,P1,normw,197,4.114456e-03
1307_left.jpg,P1,normw,198,4.090746e-03
1307_left.jpg,P1,normw,199,4.103974e-03
1307_left.jpg,P1,normw,200,3.832839e-03
1307_left.jpg,P1,normw,201,2.932388e-03
1307_left.jpg,P1,normw,202,4.103954e-03
1307_left.jpg,P1,normw,203,4.103151e-03
1307_left.jpg,P1,normw,204,3.600333e-03
1307_left.jpg,P1,normw,205,4.238340e-03
1307_left.jpg,P1,normw,206,4.410740e-03
1307_left.jpg,P1,normw,207,3.691408e-03
1307_left.jpg,P1,normw,208,3.906787e-03
1307_left.jpg,P1,normw,209,3.829658e-03
1307_left.jpg,P1,normw,210,4.000676e-03
1307_left.jpg,P1,normw,211,4.324813e-03
1307_left.jpg,P1,normw,212,4.626238e-03
1307_left.jpg,P1,normw,213,3.459143e-03
1307_left.jpg,P1,normw,214,4.086825e-03
1307_left.jpg,P1,normw,215,3.903158e-03
1307_left.jpg,P1,normw,216,3.696630e-03
1307_left.jpg,P1,normw,217,2.919372e-03
1307_left.jpg,P1,normw,218,4.572331e-03
1307_left.jpg,P1,normw,219,4.145667e-03
1307_left.jpg,P1,normw,220,5.119030e-03
1307_left.jpg,P1,normw,221,3.430784e-03
1307_left.jpg,P1,normw,222,3.611593e-03
1307_left.jpg,P1,normw,223,4.306873e-03
1307_left.jpg,P1,normw,224,3.045918e-03
1307_left.jpg,P1,normw,225,4.636750e-03
1307_left.jpg,P1,normw,226,4.323538e-03
1307_left.jpg,P1,normw,227,2.628200e-03
1307_left.jpg,P1,normw,228,4.612587e-03
1307_left.jpg,P1,normw,229,3.065657e-03
1307_left.jpg,P1,normw,230,6.089677e-03
1307_left.jpg,P1,normw,231,2.898045e-03
1307_left.jpg,P1,normw,232,3.451867e-03
1307_left.jpg,P1,normw,233,6.021463e-03
1307_left.jpg,P1,normw,234,4.110211e-03
1307_left.jpg,P1,normw,235,4.653708e-03
1307_left.jpg,P1,normw,236,3.238549e-03
1307_left.jpg,P1,normw,237,2.606067e-03
1307_left.jpg,P1,normw,238,2.562538e-03
1307_left.jpg,P1,normw,239,2.837140e-03
1307_left.jpg,P1,normw,240,3.955224e-03
1307_left.jpg,P1,normw,241,3.963306e-03
1307_left.jpg,P1,normw,242,3.519336e-03
1307_left.jpg,P1,normw,243,3.954045e-03
1307_left.jpg,P1,normw,244,2.938597e-03
1307_left.jpg,P1,normw,245,3.061310e-03
1307_left.jpg,P1,normw,246,3.907123e-03
1307_left.jpg,P1,normw,247,3.206551e-03
1307_left.jpg,P1,normw,248,2.715150e-03
1307_left.jpg,P1,normw,249,3.423525e-03
1307_left.jpg,P1,normw,250,3.059947e-03
1307_left.jpg,P1,normw,251,2.915497e-03
1307_left.jpg,P1,normw,252,3.052523e-03
1307_left.jpg,P1,normw,253,3.095703e-03
1307_left.jpg,P1,normw,254,4.466453e-03
1307_left.jpg,P1,normw,255,4.884362e-03
1307_left.jpg,P1,attn,0,4.111554e-03
1307_left.jpg,P1,attn,1,4.047809e-03
1307_left.jpg,P1,attn,2,2.031873e-03
1307_left.jpg,P1,attn,3,9.402391e-04
1307_left.jpg,P1,attn,4,4.589641e-03
1307_left.jpg,P1,attn,5,5.099602e-03
1307_left.jpg,P1,attn,6,7.011952e-03
1307_left.jpg,P1,attn,7,7.689243e-04
1307_left.jpg,P1,attn,8,9.880478e-04
1307_left.jpg,P1,attn,9,1.426295e-03
1307_left.jpg,P1,attn,10,5.195219e-03
1307_left.jpg,P1,attn,11,1.274900e-03
1307_left.jpg,P1,attn,12,1.250996e-03
1307_left.jpg,P1,attn,13,4.685259e-03
1307_left.jpg,P1,attn,14,6.374502e-04
1307_left.jpg,P1,attn,15,9.800796e-04
1307_left.jpg,P1,attn,16,8.366534e-04
1307_left.jpg,P1,attn,17,6.215139e-03
1307_left.jpg,P1,attn,18,3.250996e-03
1307_left.jpg,P1,attn,19,3.505976e-03
1307_left.jpg,P1,attn,20,4.581673e-04
1307_left.jpg,P1,attn,21,9.641434e-04
1307_left.jpg,P1,attn,22,5.458167e-04
1307_left.jpg,P1,attn,23,1.892430e-04
1307_left.jpg,P1,attn,24,5.163346e-03
1307_left.jpg,P1,attn,25,3.884462e-04
1307_left.jpg,P1,attn,26,2.868526e-04
1307_left.jpg,P1,attn,27,7.808765e-04
1307_left.jpg,P1,attn,28,3.426295e-03
1307_left.jpg,P1,attn,29,1.729084e-03
1307_left.jpg,P1,attn,30,4.270916e-03
1307_left.jpg,P1,attn,31,5.800797e-03
1307_left.jpg,P1,attn,32,4.111554e-03
1307_left.jpg,P1,attn,33,3.808765e-03
1307_left.jpg,P1,attn,34,1.163347e-03
1307_left.jpg,P1,attn,35,1.529880e-03
1307_left.jpg,P1,attn,36,1.408765e-02
1307_left.jpg,P1,attn,37,1.211155e-03
1307_left.jpg,P1,attn,38,5.617530e-04
1307_left.jpg,P1,attn,39,2.916335e-03
1307_left.jpg,P1,attn,40,2.996016e-03
1307_left.jpg,P1,attn,41,1.163347e-03
1307_left.jpg,P1,attn,42,4.621514e-04
1307_left.jpg,P1,attn,43,6.501992e-03
1307_left.jpg,P1,attn,44,7.171315e-04
1307_left.jpg,P1,attn,45,5.035857e-03
1307_left.jpg,P1,attn,46,1.266932e-03
1307_left.jpg,P1,attn,47,1.357769e-02
1307_left.jpg,P1,attn,48,5.832669e-03
1307_left.jpg,P1,attn,49,7.609562e-04
1307_left.jpg,P1,attn,50,4.840638e-04
1307_left.jpg,P1,attn,51,9.521912e-04
1307_left.jpg,P1,attn,52,2.450199e-04
1307_left.jpg,P1,attn,53,1.888446e-03
1307_left.jpg,P1,attn,54,5.338645e-04
1307_left.jpg,P1,attn,55,1.577689e-03
1307_left.jpg,P1,attn,56,9.689243e-03
1307_left.jpg,P1,attn,57,7.968128e-04
1307_left.jpg,P1,attn,58,5.537848e-04
1307_left.jpg,P1,attn,59,1.842629e-04
1307_left.jpg,P1,attn,60,1.219123e-03
1307_left.jpg,P1,attn,61,1.067729e-03
1307_left.jpg,P1,attn,62,6.613546e-04
1307_left.jpg,P1,attn,63,5.258964e-04
1307_left.jpg,P1,attn,64,3.187251e-03
1307_left.jpg,P1,attn,65,2.087649e-03
1307_left.jpg,P1,attn,66,5.697211e-04
1307_left.jpg,P1,attn,67,5.816733e-04
1307_left.jpg,P1,attn,68,3.386454e-04
1307_left.jpg,P1,attn,69,4.063745e-04
1307_left.jpg,P1,attn,70,1.370518e-03
1307_left.jpg,P1,attn,71,4.334661e-03
1307_left.jpg,P1,attn,72,4.844621e-03
1307_left.jpg,P1,attn,73,9.840637e-04
1307_left.jpg,P1,attn,74,6.294821e-04
1307_left.jpg,P1,attn,75,1.458167e-03
1307_left.jpg,P1,attn,76,3.362550e-03
1307_left.jpg,P1,attn,77,1.936255e-03
1307_left.jpg,P1,attn,78,3.394422e-03
1307_left.jpg,P1,attn,79,2.581673e-03
1307_left.jpg,P1,attn,80,8.127490e-04
1307_left.jpg,P1,attn,81,1.258964e-03
1307_left.jpg,P1,attn,82,4.521912e-04
1307_left.jpg,P1,attn,83,1.130478e-04
1307_left.jpg,P1,attn,84,3.167331e-04
1307_left.jpg,P1,attn,85,9.681275e-04
1307_left.jpg,P1,attn,86,5.139443e-04
1307_left.jpg,P1,attn,87,7.490040e-04
1307_left.jpg,P1,attn,88,4.900398e-04
1307_left.jpg,P1,attn,89,2.539841e-04
1307_left.jpg,P1,attn,90,1.752988e-04
1307_left.jpg,P1,attn,91,3.605578e-04
1307_left.jpg,P1,attn,92,1.374502e-04
1307_left.jpg,P1,attn,93,9.561753e-04
1307_left.jpg,P1,attn,94,1.760956e-03
1307_left.jpg,P1,attn,95,3.824701e-04
1307_left.jpg,P1,attn,96,1.131474e-03
1307_left.jpg,P1,attn,97,7.091634e-04
1307_left.jpg,P1,attn,98,3.219123e-03
1307_left.jpg,P1,attn,99,3.286853e-04
1307_left.jpg,P1,attn,100,1.888446e-03
1307_left.jpg,P1,attn,101,1.633466e-03
1307_left.jpg,P1,attn,102,6.812749e-04
1307_left.jpg,P1,attn,103,1.529880e-03
1307_left.jpg,P1,attn,104,3.944223e-04
1307_left.jpg,P1,attn,105,1.394422e-03
1307_left.jpg,P1,attn,106,3.713147e-03
1307_left.jpg,P1,attn,107,2.294821e-03
1307_left.jpg,P1,attn,108,2.135458e-03
1307_left.jpg,P1,attn,109,6.294821e-04
1307_left.jpg,P1,attn,110,3.585657e-03
1307_left.jpg,P1,attn,111,1.800797e-03
1307_left.jpg,P1,attn,112,2.087649e-03
1307_left.jpg,P1,attn,113,3.792829e-03
1307_left.jpg,P1,attn,114,3.366534e-04
1307_left.jpg,P1,attn,115,5.617530e-04
1307_left.jpg,P1,attn,116,1.346614e-03
1307_left.jpg,P1,attn,117,1.109163e-02
1307_left.jpg,P1,attn,118,7.848606e-04
1307_left.jpg,P1,attn,119,5.737052e-03
1307_left.jpg,P1,attn,120,1.482072e-03
1307_left.jpg,P1,attn,121,1.721116e-03
1307_left.jpg,P1,attn,122,7.808765e-04
1307_left.jpg,P1,attn,123,2.071713e-03
1307_left.jpg,P1,attn,124,2.087649e-03
1307_left.jpg,P1,attn,125,1.274900e-02
1307_left.jpg,P1,attn,126,2.677291e-03
1307_left.jpg,P1,attn,127,1.434263e-03
1307_left.jpg,P1,attn,128,2.278884e-03
1307_left.jpg,P1,attn,129,4.334661e-03
1307_left.jpg,P1,attn,130,5.450199e-03
1307_left.jpg,P1,attn,131,2.161355e-04
1307_left.jpg,P1,attn,132,1.474104e-03
1307_left.jpg,P1,attn,133,1.282869e-03
1307_left.jpg,P1,attn,134,1.426295e-03
1307_left.jpg,P1,attn,135,1.426295e-03
1307_left.jpg,P1,attn,136,2.980080e-03
1307_left.jpg,P1,attn,137,1.585657e-03
1307_left.jpg,P1,attn,138,2.135458e-03
1307_left.jpg,P1,attn,139,2.677291e-03
1307_left.jpg,P1,attn,140,4.302789e-03
1307_left.jpg,P1,attn,141,4.111554e-03
1307_left.jpg,P1,attn,142,5.641434e-03
1307_left.jpg,P1,attn,143,2.549801e-03
1307_left.jpg,P1,attn,144,1.920319e-03
1307_left.jpg,P1,attn,145,3.219123e-03
1307_left.jpg,P1,attn,146,1.617530e-03
1307_left.jpg,P1,attn,147,1.394422e-03
1307_left.jpg,P1,attn,148,3.203187e-03
1307_left.jpg,P1,attn,149,1.864542e-03
1307_left.jpg,P1,attn,150,2.820717e-03
1307_left.jpg,P1,attn,151,3.346614e-03
1307_left.jpg,P1,attn,152,8.326693e-04
1307_left.jpg,P1,attn,153,4.183267e-04
1307_left.jpg,P1,attn,154,1.130478e-04
1307_left.jpg,P1,attn,155,1.330677e-03
1307_left.jpg,P1,attn,156,2.569721e-04
1307_left.jpg,P1,attn,157,2.486056e-02
1307_left.jpg,P1,attn,158,1.075697e-03
1307_left.jpg,P1,attn,159,2.486056e-03
1307_left.jpg,P1,attn,160,2.629482e-03
1307_left.jpg,P1,attn,161,5.322709e-03
1307_left.jpg,P1,attn,162,5.290837e-03
1307_left.jpg,P1,attn,163,2.055777e-03
1307_left.jpg,P1,attn,164,6.597610e-03
1307_left.jpg,P1,attn,165,2.039841e-03
1307_left.jpg,P1,attn,166,8.486056e-04
1307_left.jpg,P1,attn,167,1.695617e-02
1307_left.jpg,P1,attn,168,4.749004e-03
1307_left.jpg,P1,attn,169,2.151394e-03
1307_left.jpg,P1,attn,170,1.577689e-03
1307_left.jpg,P1,attn,171,8.860557e-03
1307_left.jpg,P1,attn,172,2.788845e-03
1307_left.jpg,P1,attn,173,4.270916e-03
1307_left.jpg,P1,attn,174,5.003984e-03
1307_left.jpg,P1,attn,175,2.517928e-03
1307_left.jpg,P1,attn,176,1.235060e-03
1307_left.jpg,P1,attn,177,2.709163e-03
1307_left.jpg,P1,attn,178,1.134661e-02
1307_left.jpg,P1,attn,179,1.123506e-03
1307_left.jpg,P1,attn,180,8.525897e-04
1307_left.jpg,P1,attn,181,1.585657e-03
1307_left.jpg,P1,attn,182,4.382470e-04
1307_left.jpg,P1,attn,183,2.581673e-03
1307_left.jpg,P1,attn,184,6.693227e-04
1307_left.jpg,P1,attn,185,1.984064e-03
1307_left.jpg,P1,attn,186,7.553785e-03
1307_left.jpg,P1,attn,187,1.657370e-02
1307_left.jpg,P1,attn,188,3.884462e-04
1307_left.jpg,P1,attn,189,3.171315e-03
1307_left.jpg,P1,attn,190,1.134661e-02
1307_left.jpg,P1,attn,191,6.573705e-04
1307_left.jpg,P1,attn,192,5.864542e-03
1307_left.jpg,P1,attn,193,5.864542e-03
1307_left.jpg,P1,attn,194,8.733068e-03
1307_left.jpg,P1,attn,195,5.354582e-03
1307_left.jpg,P1,attn,196,5.577689e-04
1307_left.jpg,P1,attn,197,4.876494e-03
1307_left.jpg,P1,attn,198,6.087650e-03
1307_left.jpg,P1,attn,199,8.286852e-03
1307_left.jpg,P1,attn,200,4.780876e-03
1307_left.jpg,P1,attn,201,9.370518e-03
1307_left.jpg,P1,attn,202,1.354582e-03
1307_left.jpg,P1,attn,203,1.330677e-03
1307_left.jpg,P1,attn,204,9.689243e-03
1307_left.jpg,P1,attn,205,3.330677e-03
1307_left.jpg,P1,attn,206,1.529881e-02
1307_left.jpg,P1,attn,207,6.533864e-03
1307_left.jpg,P1,attn,208,6.087650e-03
1307_left.jpg,P1,attn,209,8.167331e-04
1307_left.jpg,P1,attn,210,9.681275e-04
1307_left.jpg,P1,attn,211,2.664542e-02
1307_left.jpg,P1,attn,212,1.517131e-02
1307_left.jpg,P1,attn,213,1.322709e-03
1307_left.jpg,P1,attn,214,1.378486e-03
1307_left.jpg,P1,attn,215,1.402390e-03
1307_left.jpg,P1,attn,216,3.298805e-03
1307_left.jpg,P1,attn,217,8.605578e-04
1307_left.jpg,P1,attn,218,9.920319e-04
1307_left.jpg,P1,attn,219,1.051793e-03
1307_left.jpg,P1,attn,220,5.258964e-03
1307_left.jpg,P1,attn,221,9.243028e-03
1307_left.jpg,P1,attn,222,5.195219e-03
1307_left.jpg,P1,attn,223,2.533864e-03
1307_left.jpg,P1,attn,224,1.255777e-02
1307_left.jpg,P1,attn,225,4.239044e-03
1307_left.jpg,P1,attn,226,7.266932e-03
1307_left.jpg,P1,attn,227,2.470120e-03
1307_left.jpg,P1,attn,228,2.629482e-03
1307_left.jpg,P1,attn,229,3.298805e-03
1307_left.jpg,P1,attn,230,2.103586e-03
1307_left.jpg,P1,attn,231,3.238247e-02
1307_left.jpg,P1,attn,232,8.860557e-03
1307_left.jpg,P1,attn,233,3.649402e-03
1307_left.jpg,P1,attn,234,2.741036e-03
1307_left.jpg,P1,attn,235,5.545817e-03
1307_left.jpg,P1,attn,236,9.243028e-03
1307_left.jpg,P1,attn,237,5.960159e-03
1307_left.jpg,P1,attn,238,1.172908e-02
1307_left.jpg,P1,attn,239,5.099602e-03
1307_left.jpg,P1,attn,240,1.561753e-02
1307_left.jpg,P1,attn,241,3.585657e-03
1307_left.jpg,P1,attn,242,9.179283e-03
1307_left.jpg,P1,attn,243,8.541833e-03
1307_left.jpg,P1,attn,244,1.682869e-02
1307_left.jpg,P1,attn,245,1.746614e-02
1307_left.jpg,P1,attn,246,5.450199e-03
1307_left.jpg,P1,attn,247,1.032669e-02
1307_left.jpg,P1,attn,248,5.003984e-03
1307_left.jpg,P1,attn,249,1.472510e-02
1307_left.jpg,P1,attn,250,1.606374e-02
1307_left.jpg,P1,attn,251,3.187251e-02
1307_left.jpg,P1,attn,252,9.561753e-03
1307_left.jpg,P1,attn,253,4.366534e-03
1307_left.jpg,P1,attn,254,1.729084e-03
1307_left.jpg,P1,attn,255,7.330677e-03
1307_left.jpg,P1,rollout,0,1.040964e-02
1307_left.jpg,P1,rollout,1,4.729650e-03
1307_left.jpg,P1,rollout,2,2.102523e-03
1307_left.jpg,P1,rollout,3,2.397296e-03
1307_left.jpg,P1,rollout,4,9.220170e-04
1307_left.jpg,P1,rollout,5,2.281432e-03
1307_left.jpg,P1,rollout,6,2.329103e-03
1307_left.jpg,P1,rollout,7,1.903425e-03
1307_left.jpg,P1,rollout,8,1.385308e-03
1307_left.jpg,P1,rollout,9,9.904472e-04
1307_left.jpg,P1,rollout,10,1.550147e-03
1307_left.jpg,P1,rollout,11,1.825292e-03
1307_left.jpg,P1,rollout,12,1.740451e-03
1307_left.jpg,P1,rollout,13,6.005104e-03
1307_left.jpg,P1,rollout,14,5.043651e-03
1307_left.jpg,P1,rollout,15,9.893801e-03
1307_left.jpg,P1,rollout,16,3.614664e-03
1307_left.jpg,P1,rollout,17,6.468063e-04
1307_left.jpg,P1,rollout,18,2.056392e-03
1307_left.jpg,P1,rollout,19,2.094472e-03
1307_left.jpg,P1,rollout,20,3.744692e-03
1307_left.jpg,P1,rollout,21,3.733397e-03
1307_left.jpg,P1,rollout,22,2.714055e-03
1307_left.jpg,P1,rollout,23,4.475354e-03
1307_left.jpg,P1,rollout,24,3.213393e-03
1307_left.jpg,P1,rollout,25,4.279713e-03
1307_left.jpg,P1,rollout,26,3.486957e-03
1307_left.jpg,P1,rollout,27,4.117085e-03
1307_left.jpg,P1,rollout,28,1.124546e-03
1307_left.jpg,P1,rollout,29,8.400225e-04
1307_left.jpg,P1,rollout,30,8.784558e-04
1307_left.jpg,P1,rollout,31,9.053034e-03
1307_left.jpg,P1,rollout,32,3.989646e-03
1307_left.jpg,P1,rollout,33,9.153119e-04
1307_left.jpg,P1,rollout,34,2.705749e-03
1307_left.jpg,P1,rollout,35,2.736513e-03
1307_left.jpg,P1,rollout,36,4.015560e-03
1307_left.jpg,P1,rollout,37,3.754619e-03
1307_left.jpg,P1,rollout,38,2.332966e-03
1307_left.jpg,P1,rollout,39,4.124278e-03
1307_left.jpg,P1,rollout,40,2.122332e-03
1307_left.jpg,P1,rollout,41,5.818621e-03
1307_left.jpg,P1,rollout,42,3.556009e-03
1307_left.jpg,P1,rollout,43,4.197667e-03
1307_left.jpg,P1,rollout,44,2.075739e-03
1307_left.jpg,P1,rollout,45,2.221095e-03
1307_left.jpg,P1,rollout,46,9.349182e-04
1307_left.jpg,P1,rollout,47,1.597979e-02
1307_left.jpg,P1,rollout,48,9.129038e-03
1307_left.jpg,P1,rollout,49,1.548849e-03
1307_left.jpg,P1,rollout,50,3.511677e-03
1307_left.jpg,P1,rollout,51,6.651958e-03
1307_left.jpg,P1,rollout,52,4.569176e-03
1307_left.jpg,P1,rollout,53,3.771299e-03
1307_left.jpg,P1,rollout,54,4.780761e-03
1307_left.jpg,P1,rollout,55,5.307431e-03
1307_left.jpg,P1,rollout,56,2.915836e-03
1307_left.jpg,P1,rollout,57,5.204009e-03
1307_left.jpg,P1,rollout,58,5.520180e-03
1307_left.jpg,P1,rollout,59,6.455020e-03
1307_left.jpg,P1,rollout,60,4.360274e-03
1307_left.jpg,P1,rollout,61,1.375030e-03
1307_left.jpg,P1,rollout,62,9.220020e-04
1307_left.jpg,P1,rollout,63,4.359074e-03
1307_left.jpg,P1,rollout,64,2.171005e-03
1307_left.jpg,P1,rollout,65,2.531360e-03
1307_left.jpg,P1,rollout,66,3.499622e-03
1307_left.jpg,P1,rollout,67,5.309599e-03
1307_left.jpg,P1,rollout,68,4.323934e-03
1307_left.jpg,P1,rollout,69,3.164755e-03
1307_left.jpg,P1,rollout,70,6.786210e-03
1307_left.jpg,P1,rollout,71,3.868001e-03
1307_left.jpg,P1,rollout,72,5.725894e-03
1307_left.jpg,P1,rollout,73,1.329397e-03
1307_left.jpg,P1,rollout,74,2.634786e-03
1307_left.jpg,P1,rollout,75,3.801659e-03
1307_left.jpg,P1,rollout,76,3.315974e-03
1307_left.jpg,P1,rollout,77,1.215094e-03
1307_left.jpg,P1,rollout,78,7.654454e-04
1307_left.jpg,P1,rollout,79,1.446509e-03
1307_left.jpg,P1,rollout,80,1.263280e-03
1307_left.jpg,P1,rollout,81,2.058149e-03
1307_left.jpg,P1,rollout,82,4.961789e-03
1307_left.jpg,P1,rollout,83,9.459537e-03
1307_left.jpg,P1,rollout,84,4.333778e-03
1307_left.jpg,P1,rollout,85,4.028832e-03
1307_left.jpg,P1,rollout,86,5.322812e-03
1307_left.jpg,P1,rollout,87,4.224414e-03
1307_left.jpg,P1,rollout,88,4.602625e-03
1307_left.jpg,P1,rollout,89,2.150921e-03
1307_left.jpg,P1,rollout,90,3.918834e-03
1307_left.jpg,P1,rollout,91,7.707573e-03
1307_left.jpg,P1,rollout,92,4.687151e-03
1307_left.jpg,P1,rollout,93,3.408704e-03
1307_left.jpg,P1,rollout,94,9.634179e-04
1307_left.jpg,P1,rollout,95,1.908322e-03
1307_left.jpg,P1,rollout,96,2.558137e-03
1307_left.jpg,P1,rollout,97,4.385342e-03
1307_left.jpg,P1,rollout,98,2.905152e-03
1307_left.jpg,P1,rollout,99,5.428432e-03
1307_left.jpg,P1,rollout,100,4.946798e-03
1307_left.jpg,P1,rollout,101,1.065390e-02
1307_left.jpg,P1,rollout,102,3.242952e-03
1307_left.jpg,P1,rollout,103,3.614289e-03
1307_left.jpg,P1,rollout,104,5.775832e-03
1307_left.jpg,P1,rollout,105,5.930362e-03
1307_left.jpg,P1,rollout,106,1.143321e-03
1307_left.jpg,P1,rollout,107,2.587205e-03
1307_left.jpg,P1,rollout,108,3.103892e-03
1307_left.jpg,P1,rollout,109,1.383858e-03
1307_left.jpg,P1,rollout,110,1.029031e-03
1307_left.jpg,P1,rollout,111,2.189056e-03
1307_left.jpg,P1,rollout,112,1.241986e-03
1307_left.jpg,P1,rollout,113,1.783229e-03
1307_left.jpg,P1,rollout,114,4.969242e-03
1307_left.jpg,P1,rollout,115,7.765875e-03
1307_left.jpg,P1,rollout,116,6.362764e-03
1307_left.jpg,P1,rollout,117,1.185242e-02
1307_left.jpg,P1,rollout,118,4.341426e-03
1307_left.jpg,P1,rollout,119,3.519529e-03
1307_left.jpg,P1,rollout,120,2.695192e-03
1307_left.jpg,P1,rollout,121,1.617561e-03
1307_left.jpg,P1,rollout,122,2.209209e-03
1307_left.jpg,P1,rollout,123,3.486816e-03
1307_left.jpg,P1,rollout,124,3.533635e-03
1307_left.jpg,P1,rollout,125,2.516909e-03
1307_left.jpg,P1,rollout,126,1.050403e-03
1307_left.jpg,P1,rollout,127,1.379970e-03
1307_left.jpg,P1,rollout,128,2.188829e-03
1307_left.jpg,P1,rollout,129,2.731698e-03
1307_left.jpg,P1,rollout,130,2.739050e-03
1307_left.jpg,P1,rollout,131,4.232964e-03
1307_left.jpg,P1,rollout,132,4.187230e-03
1307_left.jpg,P1,rollout,133,6.102534e-03
1307_left.jpg,P1,rollout,134,3.189863e-03
1307_left.jpg,P1,rollout,135,2.118356e-03
1307_left.jpg,P1,rollout,136,1.566953e-03
1307_left.jpg,P1,rollout,137,4.245692e-03
1307_left.jpg,P1,rollout,138,1.526981e-03
1307_left.jpg,P1,rollout,139,2.111802e-03
1307_left.jpg,P1,rollout,140,4.705581e-03
1307_left.jpg,P1,rollout,141,1.930708e-03
1307_left.jpg,P1,rollout,142,9.182041e-04
1307_left.jpg,P1,rollout,143,1.147681e-03
1307_left.jpg,P1,rollout,144,9.462655e-04
1307_left.jpg,P1,rollout,145,1.354029e-03
1307_left.jpg,P1,rollout,146,4.890208e-03
1307_left.jpg,P1,rollout,147,5.971531e-03
1307_left.jpg,P1,rollout,148,4.293424e-03
1307_left.jpg,P1,rollout,149,4.754174e-03
1307_left.jpg,P1,rollout,150,4.578790e-03
1307_left.jpg,P1,rollout,151,4.014080e-03
1307_left.jpg,P1,rollout,152,2.028306e-03
1307_left.jpg,P1,rollout,153,3.597631e-03
1307_left.jpg,P1,rollout,154,2.715048e-03
1307_left.jpg,P1,rollout,155,3.071925e-03
1307_left.jpg,P1,rollout,156,3.748520e-03
1307_left.jpg,P1,rollout,157,3.905316e-03
1307_left.jpg,P1,rollout,158,1.029791e-03
1307_left.jpg,P1,rollout,159,1.232069e-03
1307_left.jpg,P1,rollout,160,1.146196e-03
1307_left.jpg,P1,rollout,161,1.686113e-03
1307_left.jpg,P1,rollout,162,2.893164e-03
1307_left.jpg,P1,rollout,163,4.562288e-03
1307_left.jpg,P1,rollout,164,3.296458e-03
1307_left.jpg,P1,rollout,165,2.364884e-03
1307_left.jpg,P1,rollout,166,3.155931e-03
1307_left.jpg,P1,rollout,167,2.565889e-03
1307_left.jpg,P1,rollout,168,2.197786e-03
1307_left.jpg,P1,rollout,169,1.645149e-03
1307_left.jpg,P1,rollout,170,1.965478e-03
1307_left.jpg,P1,rollout,171,2.440650e-03
1307_left.jpg,P1,rollout,172,5.455640e-03
1307_left.jpg,P1,rollout,173,3.005534e-03
1307_left.jpg,P1,rollout,174,8.262067e-04
1307_left.jpg,P1,rollout,175,1.365691e-03
1307_left.jpg,P1,rollout,176,1.530262e-03
1307_left.jpg,P1,rollout,177,1.570152e-03
1307_left.jpg,P1,rollout,178,5.768491e-03
1307_left.jpg,P1,rollout,179,7.267555e-03
1307_left.jpg,P1,rollout,180,5.754700e-03
1307_left.jpg,P1,rollout,181,4.204970e-03
1307_left.jpg,P1,rollout,182,4.915565e-03
1307_left.jpg,P1,rollout,183,4.306316e-03
1307_left.jpg,P1,rollout,184,3.491550e-03
1307_left.jpg,P1,rollout,185,2.957779e-03
1307_left.jpg,P1,rollout,186,6.209048e-03
1307_left.jpg,P1,rollout,187,8.696282e-03
1307_left.jpg,P1,rollout,188,4.896287e-03
1307_left.jpg,P1,rollout,189,6.267497e-03
1307_left.jpg,P1,rollout,190,1.319605e-03
1307_left.jpg,P1,rollout,191,4.445660e-03
1307_left.jpg,P1,rollout,192,2.859639e-03
1307_left.jpg,P1,rollout,193,3.210848e-03
1307_left.jpg,P1,rollout,194,4.642760e-03
1307_left.jpg,P1,rollout,195,9.876884e-03
1307_left.jpg,P1,rollout,196,3.638527e-03
1307_left.jpg,P1,rollout,197,3.960622e-03
1307_left.jpg,P1,rollout,198,4.504647e-03
1307_left.jpg,P1,rollout,199,3.440736e-03
1307_left.jpg,P1,rollout,200,3.096194e-03
1307_left.jpg,P1,rollout,201,3.016738e-03
1307_left.jpg,P1,rollout,202,4.511228e-03
1307_left.jpg,P1,rollout,203,3.069861e-03
1307_left.jpg,P1,rollout,204,5.791039e-03
1307_left.jpg,P1,rollout,205,1.309056e-03
1307_left.jpg,P1,rollout,206,1.204153e-03
1307_left.jpg,P1,rollout,207,1.972614e-03
1307_left.jpg,P1,rollout,208,5.324800e-03
1307_left.jpg,P1,rollout,209,2.559658e-03
1307_left.jpg,P1,rollout,210,5.608317e-03
1307_left.jpg,P1,rollout,211,6.052268e-03
1307_left.jpg,P1,rollout,212,7.736805e-03
1307_left.jpg,P1,rollout,213,5.013894e-03
1307_left.jpg,P1,rollout,214,5.796842e-03
1307_left.jpg,P1,rollout,215,5.469127e-03
1307_left.jpg,P1,rollout,216,4.499755e-03
1307_left.jpg,P1,rollout,217,3.855665e-03
1307_left.jpg,P1,rollout,218,5.738025e-03
1307_left.jpg,P1,rollout,219,7.440460e-03
1307_left.jpg,P1,rollout,220,8.309501e-03
1307_left.jpg,P1,rollout,221,1.653171e-03
1307_left.jpg,P1,rollout,222,1.654163e-03
1307_left.jpg,P1,rollout,223,8.476391e-03
1307_left.jpg,P1,rollout,224,3.090211e-03
1307_left.jpg,P1,rollout,225,2.145552e-03
1307_left.jpg,P1,rollout,226,3.424694e-03
1307_left.jpg,P1,rollout,227,2.997475e-03
1307_left.jpg,P1,rollout,228,3.828247e-03
1307_left.jpg,P1,rollout,229,5.202508e-03
1307_left.jpg,P1,rollout,230,5.135524e-03
1307_left.jpg,P1,rollout,231,5.774414e-03
1307_left.jpg,P1,rollout,232,5.366683e-03
1307_left.jpg,P1,rollout,233,5.980475e-03
1307_left.jpg,P1,rollout,234,8.066993e-03
1307_left.jpg,P1,rollout,235,7.690700e-03
1307_left.jpg,P1,rollout,236,2.411322e-03
1307_left.jpg,P1,rollout,237,1.750639e-03
1307_left.jpg,P1,rollout,238,1.937765e-03
1307_left.jpg,P1,rollout,239,5.412854e-03
1307_left.jpg,P1,rollout,240,6.557361e-03
1307_left.jpg,P1,rollout,241,7.795095e-03
1307_left.jpg,P1,rollout,242,4.816889e-03
1307_left.jpg,P1,rollout,243,4.188209e-03
1307_left.jpg,P1,rollout,244,2.961602e-03
1307_left.jpg,P1,rollout,245,2.958614e-03
1307_left.jpg,P1,rollout,246,4.958594e-03
1307_left.jpg,P1,rollout,247,5.557885e-03
1307_left.jpg,P1,rollout,248,5.764874e-03
1307_left.jpg,P1,rollout,249,6.197352e-03
1307_left.jpg,P1,rollout,250,7.381037e-03
1307_left.jpg,P1,rollout,251,4.954655e-03
1307_left.jpg,P1,rollout,252,3.617276e-03
1307_left.jpg,P1,rollout,253,3.084009e-03
1307_left.jpg,P1,rollout,254,1.158438e-02
1307_left.jpg,P1,rollout,255,1.462383e-02
1307_left.jpg,P1,headspec,0,2.866200e-03
1307_left.jpg,P1,headspec,1,4.061234e-03
1307_left.jpg,P1,headspec,2,1.960961e-03
1307_left.jpg,P1,headspec,3,9.275767e-04
1307_left.jpg,P1,headspec,4,5.302118e-03
1307_left.jpg,P1,headspec,5,5.752974e-03
1307_left.jpg,P1,headspec,6,8.048403e-03
1307_left.jpg,P1,headspec,7,7.578443e-04
1307_left.jpg,P1,headspec,8,7.550521e-04
1307_left.jpg,P1,headspec,9,1.408412e-03
1307_left.jpg,P1,headspec,10,5.883470e-03
1307_left.jpg,P1,headspec,11,1.384899e-03
1307_left.jpg,P1,headspec,12,1.155062e-03
1307_left.jpg,P1,headspec,13,4.482700e-03
1307_left.jpg,P1,headspec,14,6.136819e-04
1307_left.jpg,P1,headspec,15,1.055023e-03
1307_left.jpg,P1,headspec,16,9.591719e-04
1307_left.jpg,P1,headspec,17,4.024202e-03
1307_left.jpg,P1,headspec,18,2.975534e-03
1307_left.jpg,P1,headspec,19,3.461072e-03
1307_left.jpg,P1,headspec,20,3.338806e-04
1307_left.jpg,P1,headspec,21,7.377115e-04
1307_left.jpg,P1,headspec,22,4.141177e-04
1307_left.jpg,P1,headspec,23,7.940135e-05
1307_left.jpg,P1,headspec,24,2.365967e-03
1307_left.jpg,P1,headspec,25,1.051459e-04
1307_left.jpg,P1,headspec,26,1.879548e-04
1307_left.jpg,P1,headspec,27,2.293960e-04
1307_left.jpg,P1,headspec,28,3.036080e-03
1307_left.jpg,P1,headspec,29,1.671754e-03
1307_left.jpg,P1,headspec,30,4.110023e-03
1307_left.jpg,P1,headspec,31,6.540062e-03
1307_left.jpg,P1,headspec,32,4.407459e-03
1307_left.jpg,P1,headspec,33,1.732299e-03
1307_left.jpg,P1,headspec,34,8.139809e-04
1307_left.jpg,P1,headspec,35,1.365501e-03
1307_left.jpg,P1,headspec,36,1.639130e-02
1307_left.jpg,P1,headspec,37,1.324060e-03
1307_left.jpg,P1,headspec,38,3.431387e-04
1307_left.jpg,P1,headspec,39,2.310712e-03
1307_left.jpg,P1,headspec,40,1.699970e-03
1307_left.jpg,P1,headspec,41,3.994223e-04
1307_left.jpg,P1,headspec,42,1.490853e-04
1307_left.jpg,P1,headspec,43,7.583439e-03
1307_left.jpg,P1,headspec,44,3.496047e-04
1307_left.jpg,P1,headspec,45,4.349853e-03
1307_left.jpg,P1,headspec,46,1.333171e-03
1307_left.jpg,P1,headspec,47,6.319043e-03
1307_left.jpg,P1,headspec,48,4.444198e-03
1307_left.jpg,P1,headspec,49,7.616651e-04
1307_left.jpg,P1,headspec,50,5.283014e-04
1307_left.jpg,P1,headspec,51,8.533647e-04
1307_left.jpg,P1,headspec,52,1.490945e-04
1307_left.jpg,P1,headspec,53,2.106739e-03
1307_left.jpg,P1,headspec,54,5.519611e-04
1307_left.jpg,P1,headspec,55,1.618851e-03
1307_left.jpg,P1,headspec,56,1.053017e-02
1307_left.jpg,P1,headspec,57,8.516012e-04
1307_left.jpg,P1,headspec,58,4.310175e-04
1307_left.jpg,P1,headspec,59,1.633399e-04
1307_left.jpg,P1,headspec,60,3.919276e-04
1307_left.jpg,P1,headspec,61,1.165643e-03
1307_left.jpg,P1,headspec,62,6.841833e-04
1307_left.jpg,P1,headspec,63,3.618019e-04
1307_left.jpg,P1,headspec,64,3.651084e-03
1307_left.jpg,P1,headspec,65,2.256045e-03
1307_left.jpg,P1,headspec,66,3.849473e-04
1307_left.jpg,P1,headspec,67,2.371845e-04
1307_left.jpg,P1,headspec,68,3.002647e-04
1307_left.jpg,P1,headspec,69,1.681894e-04
1307_left.jpg,P1,headspec,70,1.541846e-03
1307_left.jpg,P1,headspec,71,4.991750e-03
1307_left.jpg,P1,headspec,72,3.896645e-03
1307_left.jpg,P1,headspec,73,9.375696e-04
1307_left.jpg,P1,headspec,74,6.238218e-04
1307_left.jpg,P1,headspec,75,1.462785e-03
1307_left.jpg,P1,headspec,76,3.538811e-03
1307_left.jpg,P1,headspec,77,2.251343e-03
1307_left.jpg,P1,headspec,78,3.546306e-03
1307_left.jpg,P1,headspec,79,2.753927e-03
1307_left.jpg,P1,headspec,80,7.741562e-04
1307_left.jpg,P1,headspec,81,1.339049e-03
1307_left.jpg,P1,headspec,82,4.508564e-04
1307_left.jpg,P1,headspec,83,7.531417e-05
1307_left.jpg,P1,headspec,84,2.644814e-04
1307_left.jpg,P1,headspec,85,9.441826e-04
1307_left.jpg,P1,headspec,86,5.753636e-04
1307_left.jpg,P1,headspec,87,8.620350e-04
1307_left.jpg,P1,headspec,88,4.559998e-04
1307_left.jpg,P1,headspec,89,2.895003e-04
1307_left.jpg,P1,headspec,90,1.911878e-04
1307_left.jpg,P1,headspec,91,4.028023e-04
1307_left.jpg,P1,headspec,92,1.352624e-04
1307_left.jpg,P1,headspec,93,3.156582e-04
1307_left.jpg,P1,headspec,94,1.755812e-03
1307_left.jpg,P1,headspec,95,4.119134e-04
1307_left.jpg,P1,headspec,96,1.302017e-03
1307_left.jpg,P1,headspec,97,7.975220e-04
1307_left.jpg,P1,headspec,98,3.780551e-03
1307_left.jpg,P1,headspec,99,3.120946e-04
1307_left.jpg,P1,headspec,100,2.085578e-03
1307_left.jpg,P1,headspec,101,1.495409e-03
1307_left.jpg,P1,headspec,102,7.377115e-04
1307_left.jpg,P1,headspec,103,1.802985e-03
1307_left.jpg,P1,headspec,104,3.670923e-04
1307_left.jpg,P1,headspec,105,1.413114e-03
1307_left.jpg,P1,headspec,106,4.301064e-03
1307_left.jpg,P1,headspec,107,2.404469e-03
1307_left.jpg,P1,headspec,108,2.269565e-03
1307_left.jpg,P1,headspec,109,5.559105e-04
1307_left.jpg,P1,headspec,110,3.903111e-03
1307_left.jpg,P1,headspec,111,2.029735e-03
1307_left.jpg,P1,headspec,112,2.374785e-03
1307_left.jpg,P1,headspec,113,4.380419e-03
1307_left.jpg,P1,headspec,114,3.714826e-04
1307_left.jpg,P1,headspec,115,5.258399e-04
1307_left.jpg,P1,headspec,116,1.475717e-03
1307_left.jpg,P1,headspec,117,1.186687e-02
1307_left.jpg,P1,headspec,118,9.058274e-04
1307_left.jpg,P1,headspec,119,6.522428e-03
1307_left.jpg,P1,headspec,120,1.471014e-03
1307_left.jpg,P1,headspec,121,1.886161e-03
1307_left.jpg,P1,headspec,122,8.842251e-04
1307_left.jpg,P1,headspec,123,2.094983e-03
1307_left.jpg,P1,headspec,124,2.142009e-03
1307_left.jpg,P1,headspec,125,1.490530e-02
1307_left.jpg,P1,headspec,126,2.721891e-03
1307_left.jpg,P1,headspec,127,1.538320e-03
1307_left.jpg,P1,headspec,128,2.266626e-03
1307_left.jpg,P1,headspec,129,4.666099e-03
1307_left.jpg,P1,headspec,130,6.167974e-03
1307_left.jpg,P1,headspec,131,1.926573e-04
1307_left.jpg,P1,headspec,132,1.593868e-03
1307_left.jpg,P1,headspec,133,5.742981e-04
1307_left.jpg,P1,headspec,134,1.637661e-03
1307_left.jpg,P1,headspec,135,1.386369e-03
1307_left.jpg,P1,headspec,136,3.448140e-03
1307_left.jpg,P1,headspec,137,1.704672e-03
1307_left.jpg,P1,headspec,138,2.397709e-03
1307_left.jpg,P1,headspec,139,2.949670e-03
1307_left.jpg,P1,headspec,140,4.784838e-03
1307_left.jpg,P1,headspec,141,4.568521e-03
1307_left.jpg,P1,headspec,142,5.473761e-03
1307_left.jpg,P1,headspec,143,2.628722e-03
1307_left.jpg,P1,headspec,144,2.135543e-03
1307_left.jpg,P1,headspec,145,3.655052e-03
1307_left.jpg,P1,headspec,146,1.792183e-03
1307_left.jpg,P1,headspec,147,1.556322e-03
1307_left.jpg,P1,headspec,148,3.627425e-03
1307_left.jpg,P1,headspec,149,2.114381e-03
1307_left.jpg,P1,headspec,150,2.959076e-03
1307_left.jpg,P1,headspec,151,3.656228e-03
1307_left.jpg,P1,headspec,152,9.187594e-04
1307_left.jpg,P1,headspec,153,4.457864e-04
1307_left.jpg,P1,headspec,154,9.478565e-05
1307_left.jpg,P1,headspec,155,1.533911e-03
1307_left.jpg,P1,headspec,156,2.639303e-04
1307_left.jpg,P1,headspec,157,2.899118e-02
1307_left.jpg,P1,headspec,158,1.075119e-03
1307_left.jpg,P1,headspec,159,2.787433e-03
1307_left.jpg,P1,headspec,160,2.671045e-03
1307_left.jpg,P1,headspec,161,6.160332e-03
1307_left.jpg,P1,headspec,162,6.231752e-03
1307_left.jpg,P1,headspec,163,2.208726e-03
1307_left.jpg,P1,headspec,164,7.700415e-03
1307_left.jpg,P1,headspec,165,2.343630e-03
1307_left.jpg,P1,headspec,166,9.900323e-04
1307_left.jpg,P1,headspec,167,1.140837e-02
1307_left.jpg,P1,headspec,168,5.492571e-03
1307_left.jpg,P1,headspec,169,2.379487e-03
1307_left.jpg,P1,headspec,170,1.787554e-03
1307_left.jpg,P1,headspec,171,1.027036e-02
1307_left.jpg,P1,headspec,172,2.141421e-03
1307_left.jpg,P1,headspec,173,4.998804e-03
1307_left.jpg,P1,headspec,174,5.678321e-03
1307_left.jpg,P1,headspec,175,2.814472e-03
1307_left.jpg,P1,headspec,176,9.602006e-04
1307_left.jpg,P1,headspec,177,3.157170e-03
1307_left.jpg,P1,headspec,178,1.333171e-02
1307_left.jpg,P1,headspec,179,1.059395e-03
1307_left.jpg,P1,headspec,180,9.346305e-04
1307_left.jpg,P1,headspec,181,1.743468e-03
1307_left.jpg,P1,headspec,182,3.800243e-04
1307_left.jpg,P1,headspec,183,2.877957e-03
1307_left.jpg,P1,headspec,184,7.049406e-04
1307_left.jpg,P1,headspec,185,2.272504e-03
1307_left.jpg,P1,headspec,186,7.093787e-03
1307_left.jpg,P1,headspec,187,1.548077e-02
1307_left.jpg,P1,headspec,188,2.643711e-04
1307_left.jpg,P1,headspec,189,3.063707e-03
1307_left.jpg,P1,headspec,190,1.290613e-02
1307_left.jpg,P1,headspec,191,7.183135e-04
1307_left.jpg,P1,headspec,192,5.452599e-03
1307_left.jpg,P1,headspec,193,6.259086e-03
1307_left.jpg,P1,headspec,194,9.587310e-03
1307_left.jpg,P1,headspec,195,6.087442e-03
1307_left.jpg,P1,headspec,196,5.039069e-04
1307_left.jpg,P1,headspec,197,5.450248e-03
1307_left.jpg,P1,headspec,198,6.987980e-03
1307_left.jpg,P1,headspec,199,9.593189e-03
1307_left.jpg,P1,headspec,200,5.057585e-03
1307_left.jpg,P1,headspec,201,6.038654e-03
1307_left.jpg,P1,headspec,202,1.223249e-03
1307_left.jpg,P1,headspec,203,1.134489e-03
1307_left.jpg,P1,headspec,204,1.133431e-02
1307_left.jpg,P1,headspec,205,3.799655e-03
1307_left.jpg,P1,headspec,206,1.754049e-02
1307_left.jpg,P1,headspec,207,7.039708e-03
1307_left.jpg,P1,headspec,208,6.306111e-03
1307_left.jpg,P1,headspec,209,6.577683e-04
1307_left.jpg,P1,headspec,210,6.855427e-04
1307_left.jpg,P1,headspec,211,3.133070e-02
1307_left.jpg,P1,headspec,212,1.756400e-02
1307_left.jpg,P1,headspec,213,1.424871e-03
1307_left.jpg,P1,headspec,214,1.461903e-03
1307_left.jpg,P1,headspec,215,1.446326e-03
1307_left.jpg,P1,headspec,216,3.524556e-03
1307_left.jpg,P1,headspec,217,7.471166e-04
1307_left.jpg,P1,headspec,218,8.385223e-04
1307_left.jpg,P1,headspec,219,6.806932e-04
1307_left.jpg,P1,headspec,220,5.993392e-03
1307_left.jpg,P1,headspec,221,1.061129e-02
1307_left.jpg,P1,headspec,222,5.614837e-03
1307_left.jpg,P1,headspec,223,2.901469e-03
1307_left.jpg,P1,headspec,224,1.363032e-02
1307_left.jpg,P1,headspec,225,4.425094e-03
1307_left.jpg,P1,headspec,226,7.364183e-03
1307_left.jpg,P1,headspec,227,2.528793e-03
1307_left.jpg,P1,headspec,228,2.733354e-03
1307_left.jpg,P1,headspec,229,2.596392e-03
1307_left.jpg,P1,headspec,230,1.537732e-03
1307_left.jpg,P1,headspec,231,2.459900e-02
1307_left.jpg,P1,headspec,232,9.607296e-03
1307_left.jpg,P1,headspec,233,2.943792e-03
1307_left.jpg,P1,headspec,234,1.446032e-03
1307_left.jpg,P1,headspec,235,4.509739e-03
1307_left.jpg,P1,headspec,236,9.974095e-03
1307_left.jpg,P1,headspec,237,5.826451e-03
1307_left.jpg,P1,headspec,238,9.019478e-03
1307_left.jpg,P1,headspec,239,5.036424e-03
1307_left.jpg,P1,headspec,240,1.675046e-02
1307_left.jpg,P1,headspec,241,3.400233e-03
1307_left.jpg,P1,headspec,242,8.154211e-03
1307_left.jpg,P1,headspec,243,8.925428e-03
1307_left.jpg,P1,headspec,244,1.354803e-02
1307_left.jpg,P1,headspec,245,1.406766e-02
1307_left.jpg,P1,headspec,246,5.915800e-03
1307_left.jpg,P1,headspec,247,1.143894e-02
1307_left.jpg,P1,headspec,248,5.182203e-03
1307_left.jpg,P1,headspec,249,9.865937e-03
1307_left.jpg,P1,headspec,250,1.583817e-02
1307_left.jpg,P1,headspec,251,3.291781e-02
1307_left.jpg,P1,headspec,252,1.015749e-02
1307_left.jpg,P1,headspec,253,3.894882e-03
1307_left.jpg,P1,headspec,254,1.496585e-03
1307_left.jpg,P1,headspec,255,7.989622e-03
1307_left.jpg,P1,roi,0,0.000000e+00
1307_left.jpg,P1,roi,1,0.000000e+00
1307_left.jpg,P1,roi,2,0.000000e+00
1307_left.jpg,P1,roi,3,0.000000e+00
1307_left.jpg,P1,roi,4,0.000000e+00
1307_left.jpg,P1,roi,5,0.000000e+00
1307_left.jpg,P1,roi,6,0.000000e+00
1307_left.jpg,P1,roi,7,0.000000e+00
1307_left.jpg,P1,roi,8,0.000000e+00
1307_left.jpg,P1,roi,9,0.000000e+00
1307_left.jpg,P1,roi,10,0.000000e+00
1307_left.jpg,P1,roi,11,0.000000e+00
1307_left.jpg,P1,roi,12,0.000000e+00
1307_left.jpg,P1,roi,13,0.000000e+00
1307_left.jpg,P1,roi,14,0.000000e+00
1307_left.jpg,P1,roi,15,0.000000e+00
1307_left.jpg,P1,roi,16,0.000000e+00
1307_left.jpg,P1,roi,17,0.000000e+00
1307_left.jpg,P1,roi,18,0.000000e+00
1307_left.jpg,P1,roi,19,0.000000e+00
1307_left.jpg,P1,roi,20,0.000000e+00
1307_left.jpg,P1,roi,21,0.000000e+00
1307_left.jpg,P1,roi,22,0.000000e+00
1307_left.jpg,P1,roi,23,0.000000e+00
1307_left.jpg,P1,roi,24,0.000000e+00
1307_left.jpg,P1,roi,25,0.000000e+00
1307_left.jpg,P1,roi,26,0.000000e+00
1307_left.jpg,P1,roi,27,0.000000e+00
1307_left.jpg,P1,roi,28,0.000000e+00
1307_left.jpg,P1,roi,29,0.000000e+00
1307_left.jpg,P1,roi,30,0.000000e+00
1307_left.jpg,P1,roi,31,0.000000e+00
1307_left.jpg,P1,roi,32,0.000000e+00
1307_left.jpg,P1,roi,33,0.000000e+00
1307_left.jpg,P1,roi,34,0.000000e+00
1307_left.jpg,P1,roi,35,0.000000e+00
1307_left.jpg,P1,roi,36,0.000000e+00
1307_left.jpg,P1,roi,37,0.000000e+00
1307_left.jpg,P1,roi,38,0.000000e+00
1307_left.jpg,P1,roi,39,0.000000e+00
1307_left.jpg,P1,roi,40,0.000000e+00
1307_left.jpg,P1,roi,41,0.000000e+00
1307_left.jpg,P1,roi,42,0.000000e+00
1307_left.jpg,P1,roi,43,0.000000e+00
1307_left.jpg,P1,roi,44,0.000000e+00
1307_left.jpg,P1,roi,45,0.000000e+00
1307_left.jpg,P1,roi,46,0.000000e+00
1307_left.jpg,P1,roi,47,0.000000e+00
1307_left.jpg,P1,roi,48,0.000000e+00
1307_left.jpg,P1,roi,49,0.000000e+00
1307_left.jpg,P1,roi,50,0.000000e+00
1307_left.jpg,P1,roi,51,0.000000e+00
1307_left.jpg,P1,roi,52,0.000000e+00
1307_left.jpg,P1,roi,53,0.000000e+00
1307_left.jpg,P1,roi,54,0.000000e+00
1307_left.jpg,P1,roi,55,0.000000e+00
1307_left.jpg,P1,roi,56,0.000000e+00
1307_left.jpg,P1,roi,57,0.000000e+00
1307_left.jpg,P1,roi,58,0.000000e+00
1307_left.jpg,P1,roi,59,0.000000e+00
1307_left.jpg,P1,roi,60,0.000000e+00
1307_left.jpg,P1,roi,61,0.000000e+00
1307_left.jpg,P1,roi,62,0.000000e+00
1307_left.jpg,P1,roi,63,0.000000e+00
1307_left.jpg,P1,roi,64,0.000000e+00
1307_left.jpg,P1,roi,65,0.000000e+00
1307_left.jpg,P1,roi,66,0.000000e+00
1307_left.jpg,P1,roi,67,0.000000e+00
1307_left.jpg,P1,roi,68,0.000000e+00
1307_left.jpg,P1,roi,69,0.000000e+00
1307_left.jpg,P1,roi,70,0.000000e+00
1307_left.jpg,P1,roi,71,0.000000e+00
1307_left.jpg,P1,roi,72,0.000000e+00
1307_left.jpg,P1,roi,73,0.000000e+00
1307_left.jpg,P1,roi,74,0.000000e+00
1307_left.jpg,P1,roi,75,0.000000e+00
1307_left.jpg,P1,roi,76,0.000000e+00
1307_left.jpg,P1,roi,77,0.000000e+00
1307_left.jpg,P1,roi,78,0.000000e+00
1307_left.jpg,P1,roi,79,0.000000e+00
1307_left.jpg,P1,roi,80,0.000000e+00
1307_left.jpg,P1,roi,81,0.000000e+00
1307_left.jpg,P1,roi,82,0.000000e+00
1307_left.jpg,P1,roi,83,0.000000e+00
1307_left.jpg,P1,roi,84,7.519695e-03
1307_left.jpg,P1,roi,85,1.312963e-03
1307_left.jpg,P1,roi,86,0.000000e+00
1307_left.jpg,P1,roi,87,0.000000e+00
1307_left.jpg,P1,roi,88,0.000000e+00
1307_left.jpg,P1,roi,89,0.000000e+00
1307_left.jpg,P1,roi,90,0.000000e+00
1307_left.jpg,P1,roi,91,0.000000e+00
1307_left.jpg,P1,roi,92,0.000000e+00
1307_left.jpg,P1,roi,93,0.000000e+00
1307_left.jpg,P1,roi,94,0.000000e+00
1307_left.jpg,P1,roi,95,0.000000e+00
1307_left.jpg,P1,roi,96,0.000000e+00
1307_left.jpg,P1,roi,97,0.000000e+00
1307_left.jpg,P1,roi,98,0.000000e+00
1307_left.jpg,P1,roi,99,0.000000e+00
1307_left.jpg,P1,roi,100,2.384817e-01
1307_left.jpg,P1,roi,101,2.499403e-01
1307_left.jpg,P1,roi,102,0.000000e+00
1307_left.jpg,P1,roi,103,0.000000e+00
1307_left.jpg,P1,roi,104,0.000000e+00
1307_left.jpg,P1,roi,105,0.000000e+00
1307_left.jpg,P1,roi,106,0.000000e+00
1307_left.jpg,P1,roi,107,0.000000e+00
1307_left.jpg,P1,roi,108,0.000000e+00
1307_left.jpg,P1,roi,109,0.000000e+00
1307_left.jpg,P1,roi,110,0.000000e+00
1307_left.jpg,P1,roi,111,0.000000e+00
1307_left.jpg,P1,roi,112,0.000000e+00
1307_left.jpg,P1,roi,113,0.000000e+00
1307_left.jpg,P1,roi,114,0.000000e+00
1307_left.jpg,P1,roi,115,0.000000e+00
1307_left.jpg,P1,roi,116,2.345428e-01
1307_left.jpg,P1,roi,117,2.366913e-01
1307_left.jpg,P1,roi,118,0.000000e+00
1307_left.jpg,P1,roi,119,0.000000e+00
1307_left.jpg,P1,roi,120,0.000000e+00
1307_left.jpg,P1,roi,121,0.000000e+00
1307_left.jpg,P1,roi,122,0.000000e+00
1307_left.jpg,P1,roi,123,0.000000e+00
1307_left.jpg,P1,roi,124,0.000000e+00
1307_left.jpg,P1,roi,125,0.000000e+00
1307_left.jpg,P1,roi,126,0.000000e+00
1307_left.jpg,P1,roi,127,0.000000e+00
1307_left.jpg,P1,roi,128,0.000000e+00
1307_left.jpg,P1,roi,129,0.000000e+00
1307_left.jpg,P1,roi,130,0.000000e+00
1307_left.jpg,P1,roi,131,0.000000e+00
1307_left.jpg,P1,roi,132,1.468131e-02
1307_left.jpg,P1,roi,133,1.682979e-02
1307_left.jpg,P1,roi,134,0.000000e+00
1307_left.jpg,P1,roi,135,0.000000e+00
1307_left.jpg,P1,roi,136,0.000000e+00
1307_left.jpg,P1,roi,137,0.000000e+00
1307_left.jpg,P1,roi,138,0.000000e+00
1307_left.jpg,P1,roi,139,0.000000e+00
1307_left.jpg,P1,roi,140,0.000000e+00
1307_left.jpg,P1,roi,141,0.000000e+00
1307_left.jpg,P1,roi,142,0.000000e+00
1307_left.jpg,P1,roi,143,0.000000e+00
1307_left.jpg,P1,roi,144,0.000000e+00
1307_left.jpg,P1,roi,145,0.000000e+00
1307_left.jpg,P1,roi,146,0.000000e+00
1307_left.jpg,P1,roi,147,0.000000e+00
1307_left.jpg,P1,roi,148,0.000000e+00
1307_left.jpg,P1,roi,149,0.000000e+00
1307_left.jpg,P1,roi,150,0.000000e+00
1307_left.jpg,P1,roi,151,0.000000e+00
1307_left.jpg,P1,roi,152,0.000000e+00
1307_left.jpg,P1,roi,153,0.000000e+00
1307_left.jpg,P1,roi,154,0.000000e+00
1307_left.jpg,P1,roi,155,0.000000e+00
1307_left.jpg,P1,roi,156,0.000000e+00
1307_left.jpg,P1,roi,157,0.000000e+00
1307_left.jpg,P1,roi,158,0.000000e+00
1307_left.jpg,P1,roi,159,0.000000e+00
1307_left.jpg,P1,roi,160,0.000000e+00
1307_left.jpg,P1,roi,161,0.000000e+00
1307_left.jpg,P1,roi,162,0.000000e+00
1307_left.jpg,P1,roi,163,0.000000e+00
1307_left.jpg,P1,roi,164,0.000000e+00
1307_left.jpg,P1,roi,165,0.000000e+00
1307_left.jpg,P1,roi,166,0.000000e+00
1307_left.jpg,P1,roi,167,0.000000e+00
1307_left.jpg,P1,roi,168,0.000000e+00
1307_left.jpg,P1,roi,169,0.000000e+00
1307_left.jpg,P1,roi,170,0.000000e+00
1307_left.jpg,P1,roi,171,0.000000e+00
1307_left.jpg,P1,roi,172,0.000000e+00
1307_left.jpg,P1,roi,173,0.000000e+00
1307_left.jpg,P1,roi,174,0.000000e+00
1307_left.jpg,P1,roi,175,0.000000e+00
1307_left.jpg,P1,roi,176,0.000000e+00
1307_left.jpg,P1,roi,177,0.000000e+00
1307_left.jpg,P1,roi,178,0.000000e+00
1307_left.jpg,P1,roi,179,0.000000e+00
1307_left.jpg,P1,roi,180,0.000000e+00
1307_left.jpg,P1,roi,181,0.000000e+00
1307_left.jpg,P1,roi,182,0.000000e+00
1307_left.jpg,P1,roi,183,0.000000e+00
1307_left.jpg,P1,roi,184,0.000000e+00
1307_left.jpg,P1,roi,185,0.000000e+00
1307_left.jpg,P1,roi,186,0.000000e+00
1307_left.jpg,P1,roi,187,0.000000e+00
1307_left.jpg,P1,roi,188,0.000000e+00
1307_left.jpg,P1,roi,189,0.000000e+00
1307_left.jpg,P1,roi,190,0.000000e+00
1307_left.jpg,P1,roi,191,0.000000e+00
1307_left.jpg,P1,roi,192,0.000000e+00
1307_left.jpg,P1,roi,193,0.000000e+00
1307_left.jpg,P1,roi,194,0.000000e+00
1307_left.jpg,P1,roi,195,0.000000e+00
1307_left.jpg,P1,roi,196,0.000000e+00
1307_left.jpg,P1,roi,197,0.000000e+00
1307_left.jpg,P1,roi,198,0.000000e+00
1307_left.jpg,P1,roi,199,0.000000e+00
1307_left.jpg,P1,roi,200,0.000000e+00
1307_left.jpg,P1,roi,201,0.000000e+00
1307_left.jpg,P1,roi,202,0.000000e+00
1307_left.jpg,P1,roi,203,0.000000e+00
1307_left.jpg,P1,roi,204,0.000000e+00
1307_left.jpg,P1,roi,205,0.000000e+00
1307_left.jpg,P1,roi,206,0.000000e+00
1307_left.jpg,P1,roi,207,0.000000e+00
1307_left.jpg,P1,roi,208,0.000000e+00
1307_left.jpg,P1,roi,209,0.000000e+00
1307_left.jpg,P1,roi,210,0.000000e+00
1307_left.jpg,P1,roi,211,0.000000e+00
1307_left.jpg,P1,roi,212,0.000000e+00
1307_left.jpg,P1,roi,213,0.000000e+00
1307_left.jpg,P1,roi,214,0.000000e+00
1307_left.jpg,P1,roi,215,0.000000e+00
1307_left.jpg,P1,roi,216,0.000000e+00
1307_left.jpg,P1,roi,217,0.000000e+00
1307_left.jpg,P1,roi,218,0.000000e+00
1307_left.jpg,P1,roi,219,0.000000e+00
1307_left.jpg,P1,roi,220,0.000000e+00
1307_left.jpg,P1,roi,221,0.000000e+00
1307_left.jpg,P1,roi,222,0.000000e+00
1307_left.jpg,P1,roi,223,0.000000e+00
1307_left.jpg,P1,roi,224,0.000000e+00
1307_left.jpg,P1,roi,225,0.000000e+00
1307_left.jpg,P1,roi,226,0.000000e+00
1307_left.jpg,P1,roi,227,0.000000e+00
1307_left.jpg,P1,roi,228,0.000000e+00
1307_left.jpg,P1,roi,229,0.000000e+00
1307_left.jpg,P1,roi,230,0.000000e+00
1307_left.jpg,P1,roi,231,0.000000e+00
1307_left.jpg,P1,roi,232,0.000000e+00
1307_left.jpg,P1,roi,233,0.000000e+00
1307_left.jpg,P1,roi,234,0.000000e+00
1307_left.jpg,P1,roi,235,0.000000e+00
1307_left.jpg,P1,roi,236,0.000000e+00
1307_left.jpg,P1,roi,237,0.000000e+00
1307_left.jpg,P1,roi,238,0.000000e+00
1307_left.jpg,P1,roi,239,0.000000e+00
1307_left.jpg,P1,roi,240,0.000000e+00
1307_left.jpg,P1,roi,241,0.000000e+00
1307_left.jpg,P1,roi,242,0.000000e+00
1307_left.jpg,P1,roi,243,0.000000e+00
1307_left.jpg,P1,roi,244,0.000000e+00
1307_left.jpg,P1,roi,245,0.000000e+00
1307_left.jpg,P1,roi,246,0.000000e+00
1307_left.jpg,P1,roi,247,0.000000e+00
1307_left.jpg,P1,roi,248,0.000000e+00
1307_left.jpg,P1,roi,249,0.000000e+00
1307_left.jpg,P1,roi,250,0.000000e+00
1307_left.jpg,P1,roi,251,0.000000e+00
1307_left.jpg,P1,roi,252,0.000000e+00
1307_left.jpg,P1,roi,253,0.000000e+00
1307_left.jpg,P1,roi,254,0.000000e+00
1307_left.jpg,P1,roi,255,0.000000e+00
1209_right.jpg,P1,mean,0,3.906250e-03
1209_right.jpg,P1,mean,1,3.906250e-03
1209_right.jpg,P1,mean,2,3.906250e-03
1209_right.jpg,P1,mean,3,3.906250e-03
1209_right.jpg,P1,mean,4,3.906250e-03
1209_right.jpg,P1,mean,5,3.906250e-03
1209_right.jpg,P1,mean,6,3.906250e-03
1209_right.jpg,P1,mean,7,3.906250e-03
1209_right.jpg,P1,mean,8,3.906250e-03
1209_right.jpg,P1,mean,9,3.906250e-03
1209_right.jpg,P1,mean,10,3.906250e-03
1209_right.jpg,P1,mean,11,3.906250e-03
1209_right.jpg,P1,mean,12,3.906250e-03
1209_right.jpg,P1,mean,13,3.906250e-03
1209_right.jpg,P1,mean,14,3.906250e-03
1209_right.jpg,P1,mean,15,3.906250e-03
1209_right.jpg,P1,mean,16,3.906250e-03
1209_right.jpg,P1,mean,17,3.906250e-03
1209_right.jpg,P1,mean,18,3.906250e-03
1209_right.jpg,P1,mean,19,3.906250e-03
1209_right.jpg,P1,mean,20,3.906250e-03
1209_right.jpg,P1,mean,21,3.906250e-03
1209_right.jpg,P1,mean,22,3.906250e-03
1209_right.jpg,P1,mean,23,3.906250e-03
1209_right.jpg,P1,mean,24,3.906250e-03
1209_right.jpg,P1,mean,25,3.906250e-03
1209_right.jpg,P1,mean,26,3.906250e-03
1209_right.jpg,P1,mean,27,3.906250e-03
1209_right.jpg,P1,mean,28,3.906250e-03
1209_right.jpg,P1,mean,29,3.906250e-03
1209_right.jpg,P1,mean,30,3.906250e-03
1209_right.jpg,P1,mean,31,3.906250e-03
1209_right.jpg,P1,mean,32,3.906250e-03
1209_right.jpg,P1,mean,33,3.906250e-03
1209_right.jpg,P1,mean,34,3.906250e-03
1209_right.jpg,P1,mean,35,3.906250e-03
1209_right.jpg,P1,mean,36,3.906250e-03
1209_right.jpg,P1,mean,37,3.906250e-03
1209_right.jpg,P1,mean,38,3.906250e-03
1209_right.jpg,P1,mean,39,3.906250e-03
1209_right.jpg,P1,mean,40,3.906250e-03
1209_right.jpg,P1,mean,41,3.906250e-03
1209_right.jpg,P1,mean,42,3.906250e-03
1209_right.jpg,P1,mean,43,3.906250e-03
1209_right.jpg,P1,mean,44,3.906250e-03
1209_right.jpg,P1,mean,45,3.906250e-03
1209_right.jpg,P1,mean,46,3.906250e-03
1209_right.jpg,P1,mean,47,3.906250e-03
1209_right.jpg,P1,mean,48,3.906250e-03
1209_right.jpg,P1,mean,49,3.906250e-03
1209_right.jpg,P1,mean,50,3.906250e-03
1209_right.jpg,P1,mean,51,3.906250e-03
1209_right.jpg,P1,mean,52,3.906250e-03
1209_right.jpg,P1,mean,53,3.906250e-03
1209_right.jpg,P1,mean,54,3.906250e-03
1209_right.jpg,P1,mean,55,3.906250e-03
1209_right.jpg,P1,mean,56,3.906250e-03
1209_right.jpg,P1,mean,57,3.906250e-03
1209_right.jpg,P1,mean,58,3.906250e-03
1209_right.jpg,P1,mean,59,3.906250e-03
1209_right.jpg,P1,mean,60,3.906250e-03
1209_right.jpg,P1,mean,61,3.906250e-03
1209_right.jpg,P1,mean,62,3.906250e-03
1209_right.jpg,P1,mean,63,3.906250e-03
1209_right.jpg,P1,mean,64,3.906250e-03
1209_right.jpg,P1,mean,65,3.906250e-03
1209_right.jpg,P1,mean,66,3.906250e-03
1209_right.jpg,P1,mean,67,3.906250e-03
1209_right.jpg,P1,mean,68,3.906250e-03
1209_right.jpg,P1,mean,69,3.906250e-03
1209_right.jpg,P1,mean,70,3.906250e-03
1209_right.jpg,P1,mean,71,3.906250e-03
1209_right.jpg,P1,mean,72,3.906250e-03
1209_right.jpg,P1,mean,73,3.906250e-03
1209_right.jpg,P1,mean,74,3.906250e-03
1209_right.jpg,P1,mean,75,3.906250e-03
1209_right.jpg,P1,mean,76,3.906250e-03
1209_right.jpg,P1,mean,77,3.906250e-03
1209_right.jpg,P1,mean,78,3.906250e-03
1209_right.jpg,P1,mean,79,3.906250e-03
1209_right.jpg,P1,mean,80,3.906250e-03
1209_right.jpg,P1,mean,81,3.906250e-03
1209_right.jpg,P1,mean,82,3.906250e-03
1209_right.jpg,P1,mean,83,3.906250e-03
1209_right.jpg,P1,mean,84,3.906250e-03
1209_right.jpg,P1,mean,85,3.906250e-03
1209_right.jpg,P1,mean,86,3.906250e-03
1209_right.jpg,P1,mean,87,3.906250e-03
1209_right.jpg,P1,mean,88,3.906250e-03
1209_right.jpg,P1,mean,89,3.906250e-03
1209_right.jpg,P1,mean,90,3.906250e-03
1209_right.jpg,P1,mean,91,3.906250e-03
1209_right.jpg,P1,mean,92,3.906250e-03
1209_right.jpg,P1,mean,93,3.906250e-03
1209_right.jpg,P1,mean,94,3.906250e-03
1209_right.jpg,P1,mean,95,3.906250e-03
1209_right.jpg,P1,mean,96,3.906250e-03
1209_right.jpg,P1,mean,97,3.906250e-03
1209_right.jpg,P1,mean,98,3.906250e-03
1209_right.jpg,P1,mean,99,3.906250e-03
1209_right.jpg,P1,mean,100,3.906250e-03
1209_right.jpg,P1,mean,101,3.906250e-03
1209_right.jpg,P1,mean,102,3.906250e-03
1209_right.jpg,P1,mean,103,3.906250e-03
1209_right.jpg,P1,mean,104,3.906250e-03
1209_right.jpg,P1,mean,105,3.906250e-03
1209_right.jpg,P1,mean,106,3.906250e-03
1209_right.jpg,P1,mean,107,3.906250e-03
1209_right.jpg,P1,mean,108,3.906250e-03
1209_right.jpg,P1,mean,109,3.906250e-03
1209_right.jpg,P1,mean,110,3.906250e-03
1209_right.jpg,P1,mean,111,3.906250e-03
1209_right.jpg,P1,mean,112,3.906250e-03
1209_right.jpg,P1,mean,113,3.906250e-03
1209_right.jpg,P1,mean,114,3.906250e-03
1209_right.jpg,P1,mean,115,3.906250e-03
1209_right.jpg,P1,mean,116,3.906250e-03
1209_right.jpg,P1,mean,117,3.906250e-03
1209_right.jpg,P1,mean,118,3.906250e-03
1209_right.jpg,P1,mean,119,3.906250e-03
1209_right.jpg,P1,mean,120,3.906250e-03
1209_right.jpg,P1,mean,121,3.906250e-03
1209_right.jpg,P1,mean,122,3.906250e-03
1209_right.jpg,P1,mean,123,3.906250e-03
1209_right.jpg,P1,mean,124,3.906250e-03
1209_right.jpg,P1,mean,125,3.906250e-03
1209_right.jpg,P1,mean,126,3.906250e-03
1209_right.jpg,P1,mean,127,3.906250e-03
1209_right.jpg,P1,mean,128,3.906250e-03
1209_right.jpg,P1,mean,129,3.906250e-03
1209_right.jpg,P1,mean,130,3.906250e-03
1209_right.jpg,P1,mean,131,3.906250e-03
1209_right.jpg,P1,mean,132,3.906250e-03
1209_right.jpg,P1,mean,133,3.906250e-03
1209_right.jpg,P1,mean,134,3.906250e-03
1209_right.jpg,P1,mean,135,3.906250e-03
1209_right.jpg,P1,mean,136,3.906250e-03
1209_right.jpg,P1,mean,137,3.906250e-03
1209_right.jpg,P1,mean,138,3.906250e-03
1209_right.jpg,P1,mean,139,3.906250e-03
1209_right.jpg,P1,mean,140,3.906250e-03
1209_right.jpg,P1,mean,141,3.906250e-03
1209_right.jpg,P1,mean,142,3.906250e-03
1209_right.jpg,P1,mean,143,3.906250e-03
1209_right.jpg,P1,mean,144,3.906250e-03
1209_right.jpg,P1,mean,145,3.906250e-03
1209_right.jpg,P1,mean,146,3.906250e-03
1209_right.jpg,P1,mean,147,3.906250e-03
1209_right.jpg,P1,mean,148,3.906250e-03
1209_right.jpg,P1,mean,149,3.906250e-03
1209_right.jpg,P1,mean,150,3.906250e-03
1209_right.jpg,P1,mean,151,3.906250e-03
1209_right.jpg,P1,mean,152,3.906250e-03
1209_right.jpg,P1,mean,153,3.906250e-03
1209_right.jpg,P1,mean,154,3.906250e-03
1209_right.jpg,P1,mean,155,3.906250e-03
1209_right.jpg,P1,mean,156,3.906250e-03
1209_right.jpg,P1,mean,157,3.906250e-03
1209_right.jpg,P1,mean,158,3.906250e-03
1209_right.jpg,P1,mean,159,3.906250e-03
1209_right.jpg,P1,mean,160,3.906250e-03
1209_right.jpg,P1,mean,161,3.906250e-03
1209_right.jpg,P1,mean,162,3.906250e-03
1209_right.jpg,P1,mean,163,3.906250e-03
1209_right.jpg,P1,mean,164,3.906250e-03
1209_right.jpg,P1,mean,165,3.906250e-03
1209_right.jpg,P1,mean,166,3.906250e-03
1209_right.jpg,P1,mean,167,3.906250e-03
1209_right.jpg,P1,mean,168,3.906250e-03
1209_right.jpg,P1,mean,169,3.906250e-03
1209_right.jpg,P1,mean,170,3.906250e-03
1209_right.jpg,P1,mean,171,3.906250e-03
1209_right.jpg,P1,mean,172,3.906250e-03
1209_right.jpg,P1,mean,173,3.906250e-03
1209_right.jpg,P1,mean,174,3.906250e-03
1209_right.jpg,P1,mean,175,3.906250e-03
1209_right.jpg,P1,mean,176,3.906250e-03
1209_right.jpg,P1,mean,177,3.906250e-03
1209_right.jpg,P1,mean,178,3.906250e-03
1209_right.jpg,P1,mean,179,3.906250e-03
1209_right.jpg,P1,mean,180,3.906250e-03
1209_right.jpg,P1,mean,181,3.906250e-03
1209_right.jpg,P1,mean,182,3.906250e-03
1209_right.jpg,P1,mean,183,3.906250e-03
1209_right.jpg,P1,mean,184,3.906250e-03
1209_right.jpg,P1,mean,185,3.906250e-03
1209_right.jpg,P1,mean,186,3.906250e-03
1209_right.jpg,P1,mean,187,3.906250e-03
1209_right.jpg,P1,mean,188,3.906250e-03
1209_right.jpg,P1,mean,189,3.906250e-03
1209_right.jpg,P1,mean,190,3.906250e-03
1209_right.jpg,P1,mean,191,3.906250e-03
1209_right.jpg,P1,mean,192,3.906250e-03
1209_right.jpg,P1,mean,193,3.906250e-03
1209_right.jpg,P1,mean,194,3.906250e-03
1209_right.jpg,P1,mean,195,3.906250e-03
1209_right.jpg,P1,mean,196,3.906250e-03
1209_right.jpg,P1,mean,197,3.906250e-03
1209_right.jpg,P1,mean,198,3.906250e-03
1209_right.jpg,P1,mean,199,3.906250e-03
1209_right.jpg,P1,mean,200,3.906250e-03
1209_right.jpg,P1,mean,201,3.906250e-03
1209_right.jpg,P1,mean,202,3.906250e-03
1209_right.jpg,P1,mean,203,3.906250e-03
1209_right.jpg,P1,mean,204,3.906250e-03
1209_right.jpg,P1,mean,205,3.906250e-03
1209_right.jpg,P1,mean,206,3.906250e-03
1209_right.jpg,P1,mean,207,3.906250e-03
1209_right.jpg,P1,mean,208,3.906250e-03
1209_right.jpg,P1,mean,209,3.906250e-03
1209_right.jpg,P1,mean,210,3.906250e-03
1209_right.jpg,P1,mean,211,3.906250e-03
1209_right.jpg,P1,mean,212,3.906250e-03
1209_right.jpg,P1,mean,213,3.906250e-03
1209_right.jpg,P1,mean,214,3.906250e-03
1209_right.jpg,P1,mean,215,3.906250e-03
1209_right.jpg,P1,mean,216,3.906250e-03
1209_right.jpg,P1,mean,217,3.906250e-03
1209_right.jpg,P1,mean,218,3.906250e-03
1209_right.jpg,P1,mean,219,3.906250e-03
1209_right.jpg,P1,mean,220,3.906250e-03
1209_right.jpg,P1,mean,221,3.906250e-03
1209_right.jpg,P1,mean,222,3.906250e-03
1209_right.jpg,P1,mean,223,3.906250e-03
1209_right.jpg,P1,mean,224,3.906250e-03
1209_right.jpg,P1,mean,225,3.906250e-03
1209_right.jpg,P1,mean,226,3.906250e-03
1209_right.jpg,P1,mean,227,3.906250e-03
1209_right.jpg,P1,mean,228,3.906250e-03
1209_right.jpg,P1,mean,229,3.906250e-03
1209_right.jpg,P1,mean,230,3.906250e-03
1209_right.jpg,P1,mean,231,3.906250e-03
1209_right.jpg,P1,mean,232,3.906250e-03
1209_right.jpg,P1,mean,233,3.906250e-03
1209_right.jpg,P1,mean,234,3.906250e-03
1209_right.jpg,P1,mean,235,3.906250e-03
1209_right.jpg,P1,mean,236,3.906250e-03
1209_right.jpg,P1,mean,237,3.906250e-03
1209_right.jpg,P1,mean,238,3.906250e-03
1209_right.jpg,P1,mean,239,3.906250e-03
1209_right.jpg,P1,mean,240,3.906250e-03
1209_right.jpg,P1,mean,241,3.906250e-03
1209_right.jpg,P1,mean,242,3.906250e-03
1209_right.jpg,P1,mean,243,3.906250e-03
1209_right.jpg,P1,mean,244,3.906250e-03
1209_right.jpg,P1,mean,245,3.906250e-03
1209_right.jpg,P1,mean,246,3.906250e-03
1209_right.jpg,P1,mean,247,3.906250e-03
1209_right.jpg,P1,mean,248,3.906250e-03
1209_right.jpg,P1,mean,249,3.906250e-03
1209_right.jpg,P1,mean,250,3.906250e-03
1209_right.jpg,P1,mean,251,3.906250e-03
1209_right.jpg,P1,mean,252,3.906250e-03
1209_right.jpg,P1,mean,253,3.906250e-03
1209_right.jpg,P1,mean,254,3.906250e-03
1209_right.jpg,P1,mean,255,3.906250e-03
1209_right.jpg,P1,max,0,7.812500e-04
1209_right.jpg,P1,max,1,0.000000e+00
1209_right.jpg,P1,max,2,8.593750e-03
1209_right.jpg,P1,max,3,1.562500e-03
1209_right.jpg,P1,max,4,0.000000e+00
1209_right.jpg,P1,max,5,3.906250e-04
1209_right.jpg,P1,max,6,1.562500e-03
1209_right.jpg,P1,max,7,3.906250e-04
1209_right.jpg,P1,max,8,3.906250e-03
1209_right.jpg,P1,max,9,1.562500e-03
1209_right.jpg,P1,max,10,3.906250e-03
1209_right.jpg,P1,max,11,3.906250e-04
1209_right.jpg,P1,max,12,3.906250e-04
1209_right.jpg,P1,max,13,0.000000e+00
1209_right.jpg,P1,max,14,0.000000e+00
1209_right.jpg,P1,max,15,1.562500e-03
1209_right.jpg,P1,max,16,0.000000e+00
1209_right.jpg,P1,max,17,0.000000e+00
1209_right.jpg,P1,max,18,0.000000e+00
1209_right.jpg,P1,max,19,3.906250e-04
1209_right.jpg,P1,max,20,1.054688e-02
1209_right.jpg,P1,max,21,1.171875e-03
1209_right.jpg,P1,max,22,3.125000e-03
1209_right.jpg,P1,max,23,7.812500e-04
1209_right.jpg,P1,max,24,1.562500e-03
1209_right.jpg,P1,max,25,6.640625e-03
1209_right.jpg,P1,max,26,1.171875e-03
1209_right.jpg,P1,max,27,9.375000e-03
1209_right.jpg,P1,max,28,3.906250e-04
1209_right.jpg,P1,max,29,3.906250e-04
1209_right.jpg,P1,max,30,0.000000e+00
1209_right.jpg,P1,max,31,3.906250e-04
1209_right.jpg,P1,max,32,0.000000e+00
1209_right.jpg,P1,max,33,3.906250e-04
1209_right.jpg,P1,max,34,0.000000e+00
1209_right.jpg,P1,max,35,1.171875e-02
1209_right.jpg,P1,max,36,1.953125e-03
1209_right.jpg,P1,max,37,3.906250e-04
1209_right.jpg,P1,max,38,0.000000e+00
1209_right.jpg,P1,max,39,0.000000e+00
1209_right.jpg,P1,max,40,1.171875e-03
1209_right.jpg,P1,max,41,0.000000e+00
1209_right.jpg,P1,max,42,1.953125e-03
1209_right.jpg,P1,max,43,5.859375e-03
1209_right.jpg,P1,max,44,3.906250e-03
1209_right.jpg,P1,max,45,1.875000e-02
1209_right.jpg,P1,max,46,3.906250e-03
1209_right.jpg,P1,max,47,4.023438e-02
1209_right.jpg,P1,max,48,2.070313e-02
1209_right.jpg,P1,max,49,7.031250e-03
1209_right.jpg,P1,max,50,0.000000e+00
1209_right.jpg,P1,max,51,7.812500e-03
1209_right.jpg,P1,max,52,0.000000e+00
1209_right.jpg,P1,max,53,7.812500e-04
1209_right.jpg,P1,max,54,5.078125e-03
1209_right.jpg,P1,max,55,0.000000e+00
1209_right.jpg,P1,max,56,7.812500e-04
1209_right.jpg,P1,max,57,2.734375e-03
1209_right.jpg,P1,max,58,1.523438e-02
1209_right.jpg,P1,max,59,2.734375e-03
1209_right.jpg,P1,max,60,3.125000e-03
1209_right.jpg,P1,max,61,7.812500e-04
1209_right.jpg,P1,max,62,4.296875e-03
1209_right.jpg,P1,max,63,0.000000e+00
1209_right.jpg,P1,max,64,7.812500e-04
1209_right.jpg,P1,max,65,0.000000e+00
1209_right.jpg,P1,max,66,3.906250e-04
1209_right.jpg,P1,max,67,1.171875e-03
1209_right.jpg,P1,max,68,0.000000e+00
1209_right.jpg,P1,max,69,0.000000e+00
1209_right.jpg,P1,max,70,7.812500e-04
1209_right.jpg,P1,max,71,1.562500e-03
1209_right.jpg,P1,max,72,7.812500e-04
1209_right.jpg,P1,max,73,1.171875e-03
1209_right.jpg,P1,max,74,4.687500e-03
1209_right.jpg,P1,max,75,1.171875e-03
1209_right.jpg,P1,max,76,5.859375e-03
1209_right.jpg,P1,max,77,0.000000e+00
1209_right.jpg,P1,max,78,8.203125e-03
1209_right.jpg,P1,max,79,1.171875e-03
1209_right.jpg,P1,max,80,3.125000e-03
1209_right.jpg,P1,max,81,1.953125e-03
1209_right.jpg,P1,max,82,5.468750e-03
1209_right.jpg,P1,max,83,0.000000e+00
1209_right.jpg,P1,max,84,3.906250e-04
1209_right.jpg,P1,max,85,4.296875e-03
1209_right.jpg,P1,max,86,1.953125e-03
1209_right.jpg,P1,max,87,0.000000e+00
1209_right.jpg,P1,max,88,1.562500e-03
1209_right.jpg,P1,max,89,1.328125e-02
1209_right.jpg,P1,max,90,6.640625e-03
1209_right.jpg,P1,max,91,0.000000e+00
1209_right.jpg,P1,max,92,0.000000e+00
1209_right.jpg,P1,max,93,4.296875e-03
1209_right.jpg,P1,max,94,7.812500e-04
1209_right.jpg,P1,max,95,4.296875e-03
1209_right.jpg,P1,max,96,3.906250e-03
1209_right.jpg,P1,max,97,7.812500e-04
1209_right.jpg,P1,max,98,3.906250e-03
1209_right.jpg,P1,max,99,2.734375e-03
1209_right.jpg,P1,max,100,0.000000e+00
1209_right.jpg,P1,max,101,0.000000e+00
1209_right.jpg,P1,max,102,3.906250e-04
1209_right.jpg,P1,max,103,2.343750e-03
1209_right.jpg,P1,max,104,0.000000e+00
1209_right.jpg,P1,max,105,1.953125e-03
1209_right.jpg,P1,max,106,1.640625e-02
1209_right.jpg,P1,max,107,1.171875e-02
1209_right.jpg,P1,max,108,2.343750e-03
1209_right.jpg,P1,max,109,1.640625e-02
1209_right.jpg,P1,max,110,1.484375e-02
1209_right.jpg,P1,max,111,1.015625e-02
1209_right.jpg,P1,max,112,0.000000e+00
1209_right.jpg,P1,max,113,3.906250e-04
1209_right.jpg,P1,max,114,7.812500e-04
1209_right.jpg,P1,max,115,5.468750e-03
1209_right.jpg,P1,max,116,1.562500e-03
1209_right.jpg,P1,max,117,1.953125e-03
1209_right.jpg,P1,max,118,0.000000e+00
1209_right.jpg,P1,max,119,2.734375e-03
1209_right.jpg,P1,max,120,0.000000e+00
1209_right.jpg,P1,max,121,0.000000e+00
1209_right.jpg,P1,max,122,0.000000e+00
1209_right.jpg,P1,max,123,2.734375e-03
1209_right.jpg,P1,max,124,1.953125e-03
1209_right.jpg,P1,max,125,7.421875e-03
1209_right.jpg,P1,max,126,1.171875e-02
1209_right.jpg,P1,max,127,2.734375e-03
1209_right.jpg,P1,max,128,1.171875e-03
1209_right.jpg,P1,max,129,2.734375e-03
1209_right.jpg,P1,max,130,2.343750e-03
1209_right.jpg,P1,max,131,3.906250e-04
1209_right.jpg,P1,max,132,1.171875e-03
1209_right.jpg,P1,max,133,4.687500e-03
1209_right.jpg,P1,max,134,2.734375e-03
1209_right.jpg,P1,max,135,1.171875e-03
1209_right.jpg,P1,max,136,1.171875e-03
1209_right.jpg,P1,max,137,3.906250e-04
1209_right.jpg,P1,max,138,3.515625e-03
1209_right.jpg,P1,max,139,7.812500e-03
1209_right.jpg,P1,max,140,3.906250e-04
1209_right.jpg,P1,max,141,1.171875e-03
1209_right.jpg,P1,max,142,1.562500e-03
1209_right.jpg,P1,max,143,3.515625e-03
1209_right.jpg,P1,max,144,3.906250e-04
1209_right.jpg,P1,max,145,7.812500e-03
1209_right.jpg,P1,max,146,1.953125e-03
1209_right.jpg,P1,max,147,3.515625e-03
1209_right.jpg,P1,max,148,2.460938e-02
1209_right.jpg,P1,max,149,7.812500e-04
1209_right.jpg,P1,max,150,4.296875e-03
1209_right.jpg,P1,max,151,5.859375e-03
1209_right.jpg,P1,max,152,7.812500e-04
1209_right.jpg,P1,max,153,3.515625e-03
1209_right.jpg,P1,max,154,3.906250e-04
1209_right.jpg,P1,max,155,4.687500e-03
1209_right.jpg,P1,max,156,7.812500e-04
1209_right.jpg,P1,max,157,8.593750e-03
1209_right.jpg,P1,max,158,7.812500e-04
1209_right.jpg,P1,max,159,7.031250e-03
1209_right.jpg,P1,max,160,3.906250e-04
1209_right.jpg,P1,max,161,4.687500e-03
1209_right.jpg,P1,max,162,9.375000e-03
1209_right.jpg,P1,max,163,0.000000e+00
1209_right.jpg,P1,max,164,5.078125e-03
1209_right.jpg,P1,max,165,8.203125e-03
1209_right.jpg,P1,max,166,7.812500e-04
1209_right.jpg,P1,max,167,1.171875e-03
1209_right.jpg,P1,max,168,3.125000e-03
1209_right.jpg,P1,max,169,2.734375e-03
1209_right.jpg,P1,max,170,1.562500e-03
1209_right.jpg,P1,max,171,7.812500e-04
1209_right.jpg,P1,max,172,3.906250e-04
1209_right.jpg,P1,max,173,1.953125e-03
1209_right.jpg,P1,max,174,7.812500e-04
1209_right.jpg,P1,max,175,2.265625e-02
1209_right.jpg,P1,max,176,4.687500e-03
1209_right.jpg,P1,max,177,7.812500e-04
1209_right.jpg,P1,max,178,0.000000e+00
1209_right.jpg,P1,max,179,3.906250e-04
1209_right.jpg,P1,max,180,1.015625e-02
1209_right.jpg,P1,max,181,1.054688e-02
1209_right.jpg,P1,max,182,1.171875e-03
1209_right.jpg,P1,max,183,7.812500e-04
1209_right.jpg,P1,max,184,6.640625e-03
1209_right.jpg,P1,max,185,3.906250e-04
1209_right.jpg,P1,max,186,7.812500e-04
1209_right.jpg,P1,max,187,3.906250e-04
1209_right.jpg,P1,max,188,2.343750e-03
1209_right.jpg,P1,max,189,1.562500e-03
1209_right.jpg,P1,max,190,1.953125e-03
1209_right.jpg,P1,max,191,7.812500e-04
1209_right.jpg,P1,max,192,0.000000e+00
1209_right.jpg,P1,max,193,3.906250e-04
1209_right.jpg,P1,max,194,1.640625e-02
1209_right.jpg,P1,max,195,6.250000e-03
1209_right.jpg,P1,max,196,5.468750e-03
1209_right.jpg,P1,max,197,1.953125e-02
1209_right.jpg,P1,max,198,1.484375e-02
1209_right.jpg,P1,max,199,4.687500e-03
1209_right.jpg,P1,max,200,1.562500e-03
1209_right.jpg,P1,max,201,3.906250e-03
1209_right.jpg,P1,max,202,3.906250e-04
1209_right.jpg,P1,max,203,3.515625e-03
1209_right.jpg,P1,max,204,3.906250e-03
1209_right.jpg,P1,max,205,1.171875e-03
1209_right.jpg,P1,max,206,4.687500e-03
1209_right.jpg,P1,max,207,1.132813e-02
1209_right.jpg,P1,max,208,1.953125e-03
1209_right.jpg,P1,max,209,5.859375e-03
1209_right.jpg,P1,max,210,3.906250e-04
1209_right.jpg,P1,max,211,0.000000e+00
1209_right.jpg,P1,max,212,5.468750e-03
1209_right.jpg,P1,max,213,0.000000e+00
1209_right.jpg,P1,max,214,3.125000e-03
1209_right.jpg,P1,max,215,0.000000e+00
1209_right.jpg,P1,max,216,2.343750e-03
1209_right.jpg,P1,max,217,3.515625e-03
1209_right.jpg,P1,max,218,2.109375e-02
1209_right.jpg,P1,max,219,1.562500e-03
1209_right.jpg,P1,max,220,2.343750e-03
1209_right.jpg,P1,max,221,3.906250e-04
1209_right.jpg,P1,max,222,0.000000e+00
1209_right.jpg,P1,max,223,1.171875e-02
1209_right.jpg,P1,max,224,3.906250e-04
1209_right.jpg,P1,max,225,1.562500e-03
1209_right.jpg,P1,max,226,2.929688e-02
1209_right.jpg,P1,max,227,5.468750e-03
1209_right.jpg,P1,max,228,4.296875e-03
1209_right.jpg,P1,max,229,3.710938e-02
1209_right.jpg,P1,max,230,6.250000e-03
1209_right.jpg,P1,max,231,7.812500e-03
1209_right.jpg,P1,max,232,1.171875e-03
1209_right.jpg,P1,max,233,7.812500e-04
1209_right.jpg,P1,max,234,4.296875e-03
1209_right.jpg,P1,max,235,3.515625e-03
1209_right.jpg,P1,max,236,1.132813e-02
1209_right.jpg,P1,max,237,3.906250e-04
1209_right.jpg,P1,max,238,2.343750e-03
1209_right.jpg,P1,max,239,3.906250e-04
1209_right.jpg,P1,max,240,2.734375e-03
1209_right.jpg,P1,max,241,5.078125e-03
1209_right.jpg,P1,max,242,0.000000e+00
1209_right.jpg,P1,max,243,2.343750e-03
1209_right.jpg,P1,max,244,3.906250e-04
1209_right.jpg,P1,max,245,4.531250e-02
1209_right.jpg,P1,max,246,1.171875e-03
1209_right.jpg,P1,max,247,1.875000e-02
1209_right.jpg,P1,max,248,3.906250e-04
1209_right.jpg,P1,max,249,1.171875e-03
1209_right.jpg,P1,max,250,7.812500e-04
1209_right.jpg,P1,max,251,0.000000e+00
1209_right.jpg,P1,max,252,3.906250e-04
1209_right.jpg,P1,max,253,7.812500e-04
1209_right.jpg,P1,max,254,7.812500e-04
1209_right.jpg,P1,max,255,1.562500e-03
1209_right.jpg,P1,topk,0,0.000000e+00
1209_right.jpg,P1,topk,1,0.000000e+00
1209_right.jpg,P1,topk,2,0.000000e+00
1209_right.jpg,P1,topk,3,0.000000e+00
1209_right.jpg,P1,topk,4,0.000000e+00
1209_right.jpg,P1,topk,5,0.000000e+00
1209_right.jpg,P1,topk,6,0.000000e+00
1209_right.jpg,P1,topk,7,0.000000e+00
1209_right.jpg,P1,topk,8,0.000000e+00
1209_right.jpg,P1,topk,9,0.000000e+00
1209_right.jpg,P1,topk,10,0.000000e+00
1209_right.jpg,P1,topk,11,0.000000e+00
1209_right.jpg,P1,topk,12,0.000000e+00
1209_right.jpg,P1,topk,13,0.000000e+00
1209_right.jpg,P1,topk,14,0.000000e+00
1209_right.jpg,P1,topk,15,0.000000e+00
1209_right.jpg,P1,topk,16,0.000000e+00
1209_right.jpg,P1,topk,17,0.000000e+00
1209_right.jpg,P1,topk,18,0.000000e+00
1209_right.jpg,P1,topk,19,0.000000e+00
1209_right.jpg,P1,topk,20,0.000000e+00
1209_right.jpg,P1,topk,21,0.000000e+00
1209_right.jpg,P1,topk,22,0.000000e+00
1209_right.jpg,P1,topk,23,0.000000e+00
1209_right.jpg,P1,topk,24,0.000000e+00
1209_right.jpg,P1,topk,25,0.000000e+00
1209_right.jpg,P1,topk,26,0.000000e+00
1209_right.jpg,P1,topk,27,0.000000e+00
1209_right.jpg,P1,topk,28,0.000000e+00
1209_right.jpg,P1,topk,29,0.000000e+00
1209_right.jpg,P1,topk,30,0.000000e+00
1209_right.jpg,P1,topk,31,0.000000e+00
1209_right.jpg,P1,topk,32,0.000000e+00
1209_right.jpg,P1,topk,33,0.000000e+00
1209_right.jpg,P1,topk,34,0.000000e+00
1209_right.jpg,P1,topk,35,0.000000e+00
1209_right.jpg,P1,topk,36,0.000000e+00
1209_right.jpg,P1,topk,37,0.000000e+00
1209_right.jpg,P1,topk,38,0.000000e+00
1209_right.jpg,P1,topk,39,0.000000e+00
1209_right.jpg,P1,topk,40,0.000000e+00
1209_right.jpg,P1,topk,41,0.000000e+00
1209_right.jpg,P1,topk,42,0.000000e+00
1209_right.jpg,P1,topk,43,0.000000e+00
1209_right.jpg,P1,topk,44,0.000000e+00
1209_right.jpg,P1,topk,45,4.000000e-02
1209_right.jpg,P1,topk,46,0.000000e+00
1209_right.jpg,P1,topk,47,4.000000e-02
1209_right.jpg,P1,topk,48,0.000000e+00
1209_right.jpg,P1,topk,49,0.000000e+00
1209_right.jpg,P1,topk,50,0.000000e+00
1209_right.jpg,P1,topk,51,0.000000e+00
1209_right.jpg,P1,topk,52,0.000000e+00
1209_right.jpg,P1,topk,53,0.000000e+00
1209_right.jpg,P1,topk,54,0.000000e+00
1209_right.jpg,P1,topk,55,0.000000e+00
1209_right.jpg,P1,topk,56,0.000000e+00
1209_right.jpg,P1,topk,57,0.000000e+00
1209_right.jpg,P1,topk,58,4.000000e-02
1209_right.jpg,P1,topk,59,0.000000e+00
1209_right.jpg,P1,topk,60,0.000000e+00
1209_right.jpg,P1,topk,61,0.000000e+00
1209_right.jpg,P1,topk,62,0.000000e+00
1209_right.jpg,P1,topk,63,0.000000e+00
1209_right.jpg,P1,topk,64,0.000000e+00
1209_right.jpg,P1,topk,65,0.000000e+00
1209_right.jpg,P1,topk,66,0.000000e+00
1209_right.jpg,P1,topk,67,0.000000e+00
1209_right.jpg,P1,topk,68,0.000000e+00
1209_right.jpg,P1,topk,69,0.000000e+00
1209_right.jpg,P1,topk,70,0.000000e+00
1209_right.jpg,P1,topk,71,0.000000e+00
1209_right.jpg,P1,topk,72,0.000000e+00
1209_right.jpg,P1,topk,73,0.000000e+00
1209_right.jpg,P1,topk,74,0.000000e+00
1209_right.jpg,P1,topk,75,0.000000e+00
1209_right.jpg,P1,topk,76,0.000000e+00
1209_right.jpg,P1,topk,77,0.000000e+00
1209_right.jpg,P1,topk,78,0.000000e+00
1209_right.jpg,P1,topk,79,0.000000e+00
1209_right.jpg,P1,topk,80,0.000000e+00
1209_right.jpg,P1,topk,81,0.000000e+00
1209_right.jpg,P1,topk,82,0.000000e+00
1209_right.jpg,P1,topk,83,0.000000e+00
1209_right.jpg,P1,topk,84,0.000000e+00
1209_right.jpg,P1,topk,85,0.000000e+00
1209_right.jpg,P1,topk,86,0.000000e+00
1209_right.jpg,P1,topk,87,0.000000e+00
1209_right.jpg,P1,topk,88,0.000000e+00
1209_right.jpg,P1,topk,89,0.000000e+00
1209_right.jpg,P1,topk,90,0.000000e+00
1209_right.jpg,P1,topk,91,0.000000e+00
1209_right.jpg,P1,topk,92,0.000000e+00
1209_right.jpg,P1,topk,93,0.000000e+00
1209_right.jpg,P1,topk,94,0.000000e+00
1209_right.jpg,P1,topk,95,0.000000e+00
1209_right.jpg,P1,topk,96,0.000000e+00
1209_right.jpg,P1,topk,97,0.000000e+00
1209_right.jpg,P1,topk,98,0.000000e+00
1209_right.jpg,P1,topk,99,0.000000e+00
1209_right.jpg,P1,topk,100,0.000000e+00
1209_right.jpg,P1,topk,101,0.000000e+00
1209_right.jpg,P1,topk,102,0.000000e+00
1209_right.jpg,P1,topk,103,0.000000e+00
1209_right.jpg,P1,topk,104,0.000000e+00
1209_right.jpg,P1,topk,105,0.000000e+00
1209_right.jpg,P1,topk,106,4.000000e-02
1209_right.jpg,P1,topk,107,0.000000e+00
1209_right.jpg,P1,topk,108,0.000000e+00
1209_right.jpg,P1,topk,109,4.000000e-02
1209_right.jpg,P1,topk,110,4.000000e-02
1209_right.jpg,P1,topk,111,4.000000e-02
1209_right.jpg,P1,topk,112,0.000000e+00
1209_right.jpg,P1,topk,113,0.000000e+00
1209_right.jpg,P1,topk,114,0.000000e+00
1209_right.jpg,P1,topk,115,0.000000e+00
1209_right.jpg,P1,topk,116,0.000000e+00
1209_right.jpg,P1,topk,117,0.000000e+00
1209_right.jpg,P1,topk,118,0.000000e+00
1209_right.jpg,P1,topk,119,0.000000e+00
1209_right.jpg,P1,topk,120,0.000000e+00
1209_right.jpg,P1,topk,121,0.000000e+00
1209_right.jpg,P1,topk,122,0.000000e+00
1209_right.jpg,P1,topk,123,0.000000e+00
1209_right.jpg,P1,topk,124,0.000000e+00
1209_right.jpg,P1,topk,125,0.000000e+00
1209_right.jpg,P1,topk,126,0.000000e+00
1209_right.jpg,P1,topk,127,0.000000e+00
1209_right.jpg,P1,topk,128,0.000000e+00
1209_right.jpg,P1,topk,129,0.000000e+00
1209_right.jpg,P1,topk,130,0.000000e+00
1209_right.jpg,P1,topk,131,0.000000e+00
1209_right.jpg,P1,topk,132,0.000000e+00
1209_right.jpg,P1,topk,133,0.000000e+00
1209_right.jpg,P1,topk,134,0.000000e+00
1209_right.jpg,P1,topk,135,0.000000e+00
1209_right.jpg,P1,topk,136,0.000000e+00
1209_right.jpg,P1,topk,137,0.000000e+00
1209_right.jpg,P1,topk,138,0.000000e+00
1209_right.jpg,P1,topk,139,0.000000e+00
1209_right.jpg,P1,topk,140,0.000000e+00
1209_right.jpg,P1,topk,141,0.000000e+00
1209_right.jpg,P1,topk,142,0.000000e+00
1209_right.jpg,P1,topk,143,0.000000e+00
1209_right.jpg,P1,topk,144,0.000000e+00
1209_right.jpg,P1,topk,145,0.000000e+00
1209_right.jpg,P1,topk,146,0.000000e+00
1209_right.jpg,P1,topk,147,0.000000e+00
1209_right.jpg,P1,topk,148,4.000000e-02
1209_right.jpg,P1,topk,149,0.000000e+00
1209_right.jpg,P1,topk,150,0.000000e+00
1209_right.jpg,P1,topk,151,0.000000e+00
1209_right.jpg,P1,topk,152,0.000000e+00
1209_right.jpg,P1,topk,153,0.000000e+00
1209_right.jpg,P1,topk,154,0.000000e+00
1209_right.jpg,P1,topk,155,0.000000e+00
1209_right.jpg,P1,topk,156,0.000000e+00
1209_right.jpg,P1,topk,157,0.000000e+00
1209_right.jpg,P1,topk,158,0.000000e+00
1209_right.jpg,P1,topk,159,0.000000e+00
1209_right.jpg,P1,topk,160,0.000000e+00
1209_right.jpg,P1,topk,161,0.000000e+00
1209_right.jpg,P1,topk,162,0.000000e+00
1209_right.jpg,P1,topk,163,0.000000e+00
1209_right.jpg,P1,topk,164,4.000000e-02
1209_right.jpg,P1,topk,165,0.000000e+00
1209_right.jpg,P1,topk,166,0.000000e+00
1209_right.jpg,P1,topk,167,0.000000e+00
1209_right.jpg,P1,topk,168,0.000000e+00
1209_right.jpg,P1,topk,169,0.000000e+00
1209_right.jpg,P1,topk,170,0.000000e+00
1209_right.jpg,P1,topk,171,0.000000e+00
1209_right.jpg,P1,topk,172,0.000000e+00
1209_right.jpg,P1,topk,173,0.000000e+00
1209_right.jpg,P1,topk,174,0.000000e+00
1209_right.jpg,P1,topk,175,4.000000e-02
1209_right.jpg,P1,topk,176,0.000000e+00
1209_right.jpg,P1,topk,177,0.000000e+00
1209_right.jpg,P1,topk,178,0.000000e+00
1209_right.jpg,P1,topk,179,0.000000e+00
1209_right.jpg,P1,topk,180,4.000000e-02
1209_right.jpg,P1,topk,181,0.000000e+00
1209_right.jpg,P1,topk,182,0.000000e+00
1209_right.jpg,P1,topk,183,0.000000e+00
1209_right.jpg,P1,topk,184,0.000000e+00
1209_right.jpg,P1,topk,185,0.000000e+00
1209_right.jpg,P1,topk,186,0.000000e+00
1209_right.jpg,P1,topk,187,0.000000e+00
1209_right.jpg,P1,topk,188,0.000000e+00
1209_right.jpg,P1,topk,189,0.000000e+00
1209_right.jpg,P1,topk,190,0.000000e+00
1209_right.jpg,P1,topk,191,0.000000e+00
1209_right.jpg,P1,topk,192,0.000000e+00
1209_right.jpg,P1,topk,193,0.000000e+00
1209_right.jpg,P1,topk,194,4.000000e-02
1209_right.jpg,P1,topk,195,4.000000e-02
1209_right.jpg,P1,topk,196,0.000000e+00
1209_right.jpg,P1,topk,197,4.000000e-02
1209_right.jpg,P1,topk,198,4.000000e-02
1209_right.jpg,P1,topk,199,4.000000e-02
1209_right.jpg,P1,topk,200,0.000000e+00
1209_right.jpg,P1,topk,201,0.000000e+00
1209_right.jpg,P1,topk,202,0.000000e+00
1209_right.jpg,P1,topk,203,0.000000e+00
1209_right.jpg,P1,topk,204,0.000000e+00
1209_right.jpg,P1,topk,205,0.000000e+00
1209_right.jpg,P1,topk,206,0.000000e+00
1209_right.jpg,P1,topk,207,0.000000e+00
1209_right.jpg,P1,topk,208,0.000000e+00
1209_right.jpg,P1,topk,209,0.000000e+00
1209_right.jpg,P1,topk,210,0.000000e+00
1209_right.jpg,P1,topk,211,0.000000e+00
1209_right.jpg,P1,topk,212,0.000000e+00
1209_right.jpg,P1,topk,213,0.000000e+00
1209_right.jpg,P1,topk,214,0.000000e+00
1209_right.jpg,P1,topk,215,0.000000e+00
1209_right.jpg,P1,topk,216,0.000000e+00
1209_right.jpg,P1,topk,217,0.000000e+00
1209_right.jpg,P1,topk,218,4.000000e-02
1209_right.jpg,P1,topk,219,0.000000e+00
1209_right.jpg,P1,topk,220,0.000000e+00
1209_right.jpg,P1,topk,221,0.000000e+00
1209_right.jpg,P1,topk,222,0.000000e+00
1209_right.jpg,P1,topk,223,4.000000e-02
1209_right.jpg,P1,topk,224,0.000000e+00
1209_right.jpg,P1,topk,225,0.000000e+00
1209_right.jpg,P1,topk,226,4.000000e-02
1209_right.jpg,P1,topk,227,4.000000e-02
1209_right.jpg,P1,topk,228,0.000000e+00
1209_right.jpg,P1,topk,229,4.000000e-02
1209_right.jpg,P1,topk,230,0.000000e+00
1209_right.jpg,P1,topk,231,4.000000e-02
1209_right.jpg,P1,topk,232,0.000000e+00
1209_right.jpg,P1,topk,233,0.000000e+00
1209_right.jpg,P1,topk,234,0.000000e+00
1209_right.jpg,P1,topk,235,0.000000e+00
1209_right.jpg,P1,topk,236,4.000000e-02
1209_right.jpg,P1,topk,237,0.000000e+00
1209_right.jpg,P1,topk,238,0.000000e+00
1209_right.jpg,P1,topk,239,0.000000e+00
1209_right.jpg,P1,topk,240,0.000000e+00
1209_right.jpg,P1,topk,241,0.000000e+00
1209_right.jpg,P1,topk,242,0.000000e+00
1209_right.jpg,P1,topk,243,0.000000e+00
1209_right.jpg,P1,topk,244,0.000000e+00
1209_right.jpg,P1,topk,245,4.000000e-02
1209_right.jpg,P1,topk,246,0.000000e+00
1209_right.jpg,P1,topk,247,4.000000e-02
1209_right.jpg,P1,topk,248,0.000000e+00
1209_right.jpg,P1,topk,249,0.000000e+00
1209_right.jpg,P1,topk,250,0.000000e+00
1209_right.jpg,P1,topk,251,0.000000e+00
1209_right.jpg,P1,topk,252,0.000000e+00
1209_right.jpg,P1,topk,253,0.000000e+00
1209_right.jpg,P1,topk,254,0.000000e+00
1209_right.jpg,P1,topk,255,0.000000e+00
1209_right.jpg,P1,normw,0,3.022031e-03
1209_right.jpg,P1,normw,1,2.873892e-03
1209_right.jpg,P1,normw,2,4.833939e-03
1209_right.jpg,P1,normw,3,3.984419e-03
1209_right.jpg,P1,normw,4,2.995496e-03
1209_right.jpg,P1,normw,5,2.553973e-03
1209_right.jpg,P1,normw,6,3.530493e-03
1209_right.jpg,P1,normw,7,3.308992e-03
1209_right.jpg,P1,normw,8,4.058676e-03
1209_right.jpg,P1,normw,9,3.246495e-03
1209_right.jpg,P1,normw,10,4.215760e-03
1209_right.jpg,P1,normw,11,3.477021e-03
1209_right.jpg,P1,normw,12,3.919089e-03
1209_right.jpg,P1,normw,13,2.777906e-03
1209_right.jpg,P1,normw,14,2.959919e-03
1209_right.jpg,P1,normw,15,2.951968e-03
1209_right.jpg,P1,normw,16,3.131520e-03
1209_right.jpg,P1,normw,17,2.547004e-03
1209_right.jpg,P1,normw,18,3.664686e-03
1209_right.jpg,P1,normw,19,2.798207e-03
1209_right.jpg,P1,normw,20,4.910844e-03
1209_right.jpg,P1,normw,21,4.194947e-03
1209_right.jpg,P1,normw,22,3.923524e-03
1209_right.jpg,P1,normw,23,3.120821e-03
1209_right.jpg,P1,normw,24,3.923207e-03
1209_right.jpg,P1,normw,25,4.754821e-03
1209_right.jpg,P1,normw,26,3.996277e-03
1209_right.jpg,P1,normw,27,4.580493e-03
1209_right.jpg,P1,normw,28,2.687398e-03
1209_right.jpg,P1,normw,29,2.986339e-03
1209_right.jpg,P1,normw,30,3.309061e-03
1209_right.jpg,P1,normw,31,3.317826e-03
1209_right.jpg,P1,normw,32,3.094686e-03
1209_right.jpg,P1,normw,33,3.375347e-03
1209_right.jpg,P1,normw,34,2.594551e-03
1209_right.jpg,P1,normw,35,4.250592e-03
1209_right.jpg,P1,normw,36,3.076486e-03
1209_right.jpg,P1,normw,37,3.521668e-03
1209_right.jpg,P1,normw,38,2.977826e-03
1209_right.jpg,P1,normw,39,2.971196e-03
1209_right.jpg,P1,normw,40,3.634820e-03
1209_right.jpg,P1,normw,41,3.180874e-03
1209_right.jpg,P1,normw,42,3.916818e-03
1209_right.jpg,P1,normw,43,4.521696e-03
1209_right.jpg,P1,normw,44,4.492978e-03
1209_right.jpg,P1,normw,45,5.657222e-03
1209_right.jpg,P1,normw,46,4.165075e-03
1209_right.jpg,P1,normw,47,5.140657e-03
1209_right.jpg,P1,normw,48,4.822722e-03
1209_right.jpg,P1,normw,49,4.522557e-03
1209_right.jpg,P1,normw,50,3.223753e-03
1209_right.jpg,P1,normw,51,4.929196e-03
1209_right.jpg,P1,normw,52,3.073887e-03
1209_right.jpg,P1,normw,53,3.539246e-03
1209_right.jpg,P1,normw,54,4.001023e-03
1209_right.jpg,P1,normw,55,3.660152e-03
1209_right.jpg,P1,normw,56,3.324599e-03
1209_right.jpg,P1,normw,57,4.317024e-03
1209_right.jpg,P1,normw,58,4.986545e-03
1209_right.jpg,P1,normw,59,4.279905e-03
1209_right.jpg,P1,normw,60,4.387216e-03
1209_right.jpg,P1,normw,61,3.199651e-03
1209_right.jpg,P1,normw,62,4.486309e-03
1209_right.jpg,P1,normw,63,2.858259e-03
1209_right.jpg,P1,normw,64,3.527527e-03
1209_right.jpg,P1,normw,65,2.600987e-03
1209_right.jpg,P1,normw,66,3.574540e-03
1209_right.jpg,P1,normw,67,4.257551e-03
1209_right.jpg,P1,normw,68,2.892299e-03
1209_right.jpg,P1,normw,69,3.178370e-03
1209_right.jpg,P1,normw,70,3.395193e-03
1209_right.jpg,P1,normw,71,3.759963e-03
1209_right.jpg,P1,normw,72,3.967888e-03
1209_right.jpg,P1,normw,73,4.024724e-03
1209_right.jpg,P1,normw,74,4.632948e-03
1209_right.jpg,P1,normw,75,3.425874e-03
1209_right.jpg,P1,normw,76,4.826779e-03
1209_right.jpg,P1,normw,77,2.776453e-03
1209_right.jpg,P1,normw,78,4.746355e-03
1209_right.jpg,P1,normw,79,3.741126e-03
1209_right.jpg,P1,normw,80,3.905454e-03
1209_right.jpg,P1,normw,81,3.424988e-03
1209_right.jpg,P1,normw,82,4.831848e-03
1209_right.jpg,P1,normw,83,3.936423e-03
1209_right.jpg,P1,normw,84,3.258210e-03
1209_right.jpg,P1,normw,85,3.855905e-03
1209_right.jpg,P1,normw,86,3.613098e-03
1209_right.jpg,P1,normw,87,3.154618e-03
1209_right.jpg,P1,normw,88,3.447414e-03
1209_right.jpg,P1,normw,89,4.859361e-03
1209_right.jpg,P1,normw,90,4.040429e-03
1209_right.jpg,P1,normw,91,2.984957e-03
1209_right.jpg,P1,normw,92,3.699941e-03
1209_right.jpg,P1,normw,93,4.457645e-03
1209_right.jpg,P1,normw,94,3.154692e-03
1209_right.jpg,P1,normw,95,4.668398e-03
1209_right.jpg,P1,normw,96,4.548748e-03
1209_right.jpg,P1,normw,97,3.605799e-03
1209_right.jpg,P1,normw,98,4.579667e-03
1209_right.jpg,P1,normw,99,3.983160e-03
1209_right.jpg,P1,normw,100,3.960317e-03
1209_right.jpg,P1,normw,101,3.079915e-03
1209_right.jpg,P1,normw,102,3.313057e-03
1209_right.jpg,P1,normw,103,3.873138e-03
1209_right.jpg,P1,normw,104,3.445519e-03
1209_right.jpg,P1,normw,105,3.781010e-03
1209_right.jpg,P1,normw,106,5.154482e-03
1209_right.jpg,P1,normw,107,4.935347e-03
1209_right.jpg,P1,normw,108,3.711686e-03
1209_right.jpg,P1,normw,109,5.415162e-03
1209_right.jpg,P1,normw,110,5.311088e-03
1209_right.jpg,P1,normw,111,4.968353e-03
1209_right.jpg,P1,normw,112,2.704998e-03
1209_right.jpg,P1,normw,113,3.023872e-03
1209_right.jpg,P1,normw,114,4.184324e-03
1209_right.jpg,P1,normw,115,4.054950e-03
1209_right.jpg,P1,normw,116,3.908334e-03
1209_right.jpg,P1,normw,117,3.296090e-03
1209_right.jpg,P1,normw,118,3.347751e-03
1209_right.jpg,P1,normw,119,3.413436e-03
1209_right.jpg,P1,normw,120,3.144282e-03
1209_right.jpg,P1,normw,121,3.018372e-03
1209_right.jpg,P1,normw,122,2.881052e-03
1209_right.jpg,P1,normw,123,3.939218e-03
1209_right.jpg,P1,normw,124,3.643006e-03
1209_right.jpg,P1,normw,125,4.477669e-03
1209_right.jpg,P1,normw,126,4.793965e-03
1209_right.jpg,P1,normw,127,4.566703e-03
1209_right.jpg,P1,normw,128,4.107141e-03
1209_right.jpg,P1,normw,129,3.565589e-03
1209_right.jpg,P1,normw,130,4.196920e-03
1209_right.jpg,P1,normw,131,3.443856e-03
1209_right.jpg,P1,normw,132,3.526249e-03
1209_right.jpg,P1,normw,133,3.995793e-03
1209_right.jpg,P1,normw,134,3.888217e-03
1209_right.jpg,P1,normw,135,3.445528e-03
1209_right.jpg,P1,normw,136,3.227994e-03
1209_right.jpg,P1,normw,137,3.136232e-03
1209_right.jpg,P1,normw,138,4.175126e-03
1209_right.jpg,P1,normw,139,4.683290e-03
1209_right.jpg,P1,normw,140,3.306957e-03
1209_right.jpg,P1,normw,141,4.236295e-03
1209_right.jpg,P1,normw,142,4.001148e-03
1209_right.jpg,P1,normw,143,4.616544e-03
1209_right.jpg,P1,normw,144,3.644055e-03
1209_right.jpg,P1,normw,145,4.902190e-03
1209_right.jpg,P1,normw,146,4.635673e-03
1209_right.jpg,P1,normw,147,4.414049e-03
1209_right.jpg,P1,normw,148,6.294741e-03
1209_right.jpg,P1,normw,149,3.127355e-03
1209_right.jpg,P1,normw,150,3.950390e-03
1209_right.jpg,P1,normw,151,3.567895e-03
1209_right.jpg,P1,normw,152,3.316721e-03
1209_right.jpg,P1,normw,153,4.684278e-03
1209_right.jpg,P1,normw,154,3.800318e-03
1209_right.jpg,P1,normw,155,3.860584e-03
1209_right.jpg,P1,normw,156,3.439277e-03
1209_right.jpg,P1,normw,157,4.578079e-03
1209_right.jpg,P1,normw,158,3.303304e-03
1209_right.jpg,P1,normw,159,4.647259e-03
1209_right.jpg,P1,normw,160,2.990714e-03
1209_right.jpg,P1,normw,161,4.847317e-03
1209_right.jpg,P1,normw,162,4.661168e-03
1209_right.jpg,P1,normw,163,4.333924e-03
1209_right.jpg,P1,normw,164,5.353177e-03
1209_right.jpg,P1,normw,165,4.443396e-03
1209_right.jpg,P1,normw,166,2.826052e-03
1209_right.jpg,P1,normw,167,2.944938e-03
1209_right.jpg,P1,normw,168,4.177625e-03
1209_right.jpg,P1,normw,169,4.173858e-03
1209_right.jpg,P1,normw,170,4.027065e-03
1209_right.jpg,P1,normw,171,3.327844e-03
1209_right.jpg,P1,normw,172,4.040688e-03
1209_right.jpg,P1,normw,173,4.163233e-03
1209_right.jpg,P1,normw,174,3.064803e-03
1209_right.jpg,P1,normw,175,6.136734e-03
1209_right.jpg,P1,normw,176,3.498059e-03
1209_right.jpg,P1,normw,177,3.226250e-03
1209_right.jpg,P1,normw,178,3.183509e-03
1209_right.jpg,P1,normw,179,4.088211e-03
1209_right.jpg,P1,normw,180,4.972294e-03
1209_right.jpg,P1,normw,181,4.479958e-03
1209_right.jpg,P1,normw,182,3.689846e-03
1209_right.jpg,P1,normw,183,3.228634e-03
1209_right.jpg,P1,normw,184,4.953437e-03
1209_right.jpg,P1,normw,185,3.357986e-03
1209_right.jpg,P1,normw,186,3.314421e-03
1209_right.jpg,P1,normw,187,3.903599e-03
1209_right.jpg,P1,normw,188,4.495321e-03
1209_right.jpg,P1,normw,189,3.551326e-03
1209_right.jpg,P1,normw,190,3.514551e-03
1209_right.jpg,P1,normw,191,3.133708e-03
1209_right.jpg,P1,normw,192,2.669754e-03
1209_right.jpg,P1,normw,193,2.271575e-03
1209_right.jpg,P1,normw,194,5.428923e-03
1209_right.jpg,P1,normw,195,5.105033e-03
1209_right.jpg,P1,normw,196,4.627217e-03
1209_right.jpg,P1,normw,197,5.533652e-03
1209_right.jpg,P1,normw,198,5.660375e-03
1209_right.jpg,P1,normw,199,5.204167e-03
1209_right.jpg,P1,normw,200,3.390547e-03
1209_right.jpg,P1,normw,201,4.142300e-03
1209_right.jpg,P1,normw,202,3.939991e-03
1209_right.jpg,P1,normw,203,4.434976e-03
1209_right.jpg,P1,normw,204,4.604261e-03
1209_right.jpg,P1,normw,205,3.245271e-03
1209_right.jpg,P1,normw,206,4.775675e-03
1209_right.jpg,P1,normw,207,4.524079e-03
1209_right.jpg,P1,normw,208,4.005025e-03
1209_right.jpg,P1,normw,209,4.100131e-03
1209_right.jpg,P1,normw,210,3.379219e-03
1209_right.jpg,P1,normw,211,3.394739e-03
1209_right.jpg,P1,normw,212,4.796905e-03
1209_right.jpg,P1,normw,213,3.447924e-03
1209_right.jpg,P1,normw,214,3.903863e-03
1209_right.jpg,P1,normw,215,3.544125e-03
1209_right.jpg,P1,normw,216,4.194797e-03
1209_right.jpg,P1,normw,217,4.781486e-03
1209_right.jpg,P1,normw,218,5.394011e-03
1209_right.jpg,P1,normw,219,4.734255e-03
1209_right.jpg,P1,normw,220,4.541332e-03
1209_right.jpg,P1,normw,221,3.057393e-03
1209_right.jpg,P1,normw,222,2.783441e-03
1209_right.jpg,P1,normw,223,5.580454e-03
1209_right.jpg,P1,normw,224,3.025591e-03
1209_right.jpg,P1,normw,225,3.861573e-03
1209_right.jpg,P1,normw,226,5.784670e-03
1209_right.jpg,P1,normw,227,4.959366e-03
1209_right.jpg,P1,normw,228,4.770019e-03
1209_right.jpg,P1,normw,229,6.007739e-03
1209_right.jpg,P1,normw,230,4.753767e-03
1209_right.jpg,P1,normw,231,5.340118e-03
1209_right.jpg,P1,normw,232,3.537189e-03
1209_right.jpg,P1,normw,233,3.552404e-03
1209_right.jpg,P1,normw,234,4.131678e-03
1209_right.jpg,P1,normw,235,4.315482e-03
1209_right.jpg,P1,normw,236,5.551474e-03
1209_right.jpg,P1,normw,237,2.903775e-03
1209_right.jpg,P1,normw,238,3.252448e-03
1209_right.jpg,P1,normw,239,2.994413e-03
1209_right.jpg,P1,normw,240,3.399511e-03
1209_right.jpg,P1,normw,241,4.507064e-03
1209_right.jpg,P1,normw,242,3.009223e-03
1209_right.jpg,P1,normw,243,3.791902e-03
1209_right.jpg,P1,normw,244,3.112657e-03
1209_right.jpg,P1,normw,245,6.295782e-03
1209_right.jpg,P1,normw,246,3.428487e-03
1209_right.jpg,P1,normw,247,5.570583e-03
1209_right.jpg,P1,normw,248,3.372249e-03
1209_right.jpg,P1,normw,249,3.230783e-03
1209_right.jpg,P1,normw,250,2.796579e-03
1209_right.jpg,P1,normw,251,2.931623e-03
1209_right.jpg,P1,normw,252,3.310795e-03
1209_right.jpg,P1,normw,253,3.079650e-03
1209_right.jpg,P1,normw,254,3.307756e-03
1209_right.jpg,P1,normw,255,3.666046e-03
1209_right.jpg,P1,attn,0,5.094681e-03
1209_right.jpg,P1,attn,1,2.279580e-04
1209_right.jpg,P1,attn,2,2.400193e-04
1209_right.jpg,P1,attn,3,1.698227e-03
1209_right.jpg,P1,attn,4,2.103486e-03
1209_right.jpg,P1,attn,5,3.975395e-03
1209_right.jpg,P1,attn,6,4.293813e-04
1209_right.jpg,P1,attn,7,5.668798e-04
1209_right.jpg,P1,attn,8,1.746472e-03
1209_right.jpg,P1,attn,9,2.074539e-03
1209_right.jpg,P1,attn,10,1.408756e-03
1209_right.jpg,P1,attn,11,1.485949e-03
1209_right.jpg,P1,attn,12,2.421903e-03
1209_right.jpg,P1,attn,13,4.978893e-03
1209_right.jpg,P1,attn,14,6.609577e-04
1209_right.jpg,P1,attn,15,1.804366e-03
1209_right.jpg,P1,attn,16,7.188517e-04
1209_right.jpg,P1,attn,17,4.149077e-03
1209_right.jpg,P1,attn,18,2.856109e-03
1209_right.jpg,P1,attn,19,8.722711e-03
1209_right.jpg,P1,attn,20,1.910505e-03
1209_right.jpg,P1,attn,21,1.292968e-03
1209_right.jpg,P1,attn,22,4.679773e-04
1209_right.jpg,P1,attn,23,2.914003e-03
1209_right.jpg,P1,attn,24,5.234592e-04
1209_right.jpg,P1,attn,25,2.364009e-03
1209_right.jpg,P1,attn,26,1.389458e-03
1209_right.jpg,P1,attn,27,9.166566e-04
1209_right.jpg,P1,attn,28,1.370160e-03
1209_right.jpg,P1,attn,29,3.898203e-03
1209_right.jpg,P1,attn,30,1.785068e-03
1209_right.jpg,P1,attn,31,2.470148e-03
1209_right.jpg,P1,attn,32,2.122784e-03
1209_right.jpg,P1,attn,33,1.051743e-03
1209_right.jpg,P1,attn,34,3.840309e-03
1209_right.jpg,P1,attn,35,1.958750e-03
1209_right.jpg,P1,attn,36,1.389458e-03
1209_right.jpg,P1,attn,37,1.804366e-03
1209_right.jpg,P1,attn,38,1.775419e-03
1209_right.jpg,P1,attn,39,2.836811e-03
1209_right.jpg,P1,attn,40,1.196478e-03
1209_right.jpg,P1,attn,41,1.408756e-03
1209_right.jpg,P1,attn,42,6.870100e-03
1209_right.jpg,P1,attn,43,8.828851e-04
1209_right.jpg,P1,attn,44,2.161380e-03
1209_right.jpg,P1,attn,45,2.412254e-03
1209_right.jpg,P1,attn,46,5.326258e-03
1209_right.jpg,P1,attn,47,1.134724e-02
1209_right.jpg,P1,attn,48,7.410445e-03
1209_right.jpg,P1,attn,49,2.354360e-03
1209_right.jpg,P1,attn,50,2.894705e-03
1209_right.jpg,P1,attn,51,1.220601e-03
1209_right.jpg,P1,attn,52,1.814015e-03
1209_right.jpg,P1,attn,53,9.214811e-04
1209_right.jpg,P1,attn,54,2.906766e-04
1209_right.jpg,P1,attn,55,5.138101e-04
1209_right.jpg,P1,attn,56,2.113135e-03
1209_right.jpg,P1,attn,57,9.841997e-04
1209_right.jpg,P1,attn,58,1.649982e-03
1209_right.jpg,P1,attn,59,1.235074e-03
1209_right.jpg,P1,attn,60,4.920998e-04
1209_right.jpg,P1,attn,61,4.419250e-03
1209_right.jpg,P1,attn,62,5.635026e-03
1209_right.jpg,P1,attn,63,8.249910e-04
1209_right.jpg,P1,attn,64,1.292968e-03
1209_right.jpg,P1,attn,65,1.182005e-03
1209_right.jpg,P1,attn,66,1.968399e-03
1209_right.jpg,P1,attn,67,4.993366e-04
1209_right.jpg,P1,attn,68,1.128935e-03
1209_right.jpg,P1,attn,69,1.370160e-03
1209_right.jpg,P1,attn,70,3.304788e-04
1209_right.jpg,P1,attn,71,9.552527e-04
1209_right.jpg,P1,attn,72,1.698227e-03
1209_right.jpg,P1,attn,73,7.622723e-04
1209_right.jpg,P1,attn,74,5.712218e-03
1209_right.jpg,P1,attn,75,2.508744e-03
1209_right.jpg,P1,attn,76,4.366180e-04
1209_right.jpg,P1,attn,77,2.721023e-03
1209_right.jpg,P1,attn,78,1.659631e-03
1209_right.jpg,P1,attn,79,1.264021e-03
1209_right.jpg,P1,attn,80,9.070076e-04
1209_right.jpg,P1,attn,81,1.881558e-03
1209_right.jpg,P1,attn,82,9.263057e-04
1209_right.jpg,P1,attn,83,4.052587e-04
1209_right.jpg,P1,attn,84,1.628272e-04
1209_right.jpg,P1,attn,85,4.535038e-04
1209_right.jpg,P1,attn,86,3.570136e-04
1209_right.jpg,P1,attn,87,5.572307e-04
1209_right.jpg,P1,attn,88,2.376070e-04
1209_right.jpg,P1,attn,89,4.149077e-04
1209_right.jpg,P1,attn,90,1.153058e-03
1209_right.jpg,P1,attn,91,1.457002e-03
1209_right.jpg,P1,attn,92,2.786154e-04
1209_right.jpg,P1,attn,93,1.220601e-03
1209_right.jpg,P1,attn,94,1.027620e-03
1209_right.jpg,P1,attn,95,7.477988e-04
1209_right.jpg,P1,attn,96,1.534194e-03
1209_right.jpg,P1,attn,97,1.534194e-03
1209_right.jpg,P1,attn,98,9.166566e-04
1209_right.jpg,P1,attn,99,1.011217e-02
1209_right.jpg,P1,attn,100,2.238572e-03
1209_right.jpg,P1,attn,101,2.448438e-04
1209_right.jpg,P1,attn,102,4.173200e-04
1209_right.jpg,P1,attn,103,1.775419e-03
1209_right.jpg,P1,attn,104,3.497769e-04
1209_right.jpg,P1,attn,105,5.162224e-04
1209_right.jpg,P1,attn,106,1.823664e-03
1209_right.jpg,P1,attn,107,6.995538e-04
1209_right.jpg,P1,attn,108,2.991195e-03
1209_right.jpg,P1,attn,109,1.572790e-03
1209_right.jpg,P1,attn,110,2.528043e-03
1209_right.jpg,P1,attn,111,2.103486e-03
1209_right.jpg,P1,attn,112,1.244723e-03
1209_right.jpg,P1,attn,113,4.477144e-03
1209_right.jpg,P1,attn,114,2.421903e-03
1209_right.jpg,P1,attn,115,4.052587e-04
1209_right.jpg,P1,attn,116,7.670969e-04
1209_right.jpg,P1,attn,117,1.917742e-04
1209_right.jpg,P1,attn,118,2.556989e-04
1209_right.jpg,P1,attn,119,1.611386e-03
1209_right.jpg,P1,attn,120,2.875407e-03
1209_right.jpg,P1,attn,121,4.399952e-03
1209_right.jpg,P1,attn,122,5.056085e-03
1209_right.jpg,P1,attn,123,9.697262e-04
1209_right.jpg,P1,attn,124,2.643831e-03
1209_right.jpg,P1,attn,125,1.871909e-03
1209_right.jpg,P1,attn,126,1.399108e-03
1209_right.jpg,P1,attn,127,2.257870e-03
1209_right.jpg,P1,attn,128,2.643831e-03
1209_right.jpg,P1,attn,129,1.302617e-03
1209_right.jpg,P1,attn,130,3.435050e-03
1209_right.jpg,P1,attn,131,2.721023e-03
1209_right.jpg,P1,attn,132,5.094681e-03
1209_right.jpg,P1,attn,133,1.466651e-03
1209_right.jpg,P1,attn,134,5.572307e-04
1209_right.jpg,P1,attn,135,9.504282e-04
1209_right.jpg,P1,attn,136,6.609577e-04
1209_right.jpg,P1,attn,137,1.210952e-03
1209_right.jpg,P1,attn,138,1.466651e-02
1209_right.jpg,P1,attn,139,8.973586e-04
1209_right.jpg,P1,attn,140,9.118321e-04
1209_right.jpg,P1,attn,141,4.554336e-03
1209_right.jpg,P1,attn,142,2.248221e-03
1209_right.jpg,P1,attn,143,3.164878e-03
1209_right.jpg,P1,attn,144,3.782415e-03
1209_right.jpg,P1,attn,145,2.605235e-03
1209_right.jpg,P1,attn,146,3.685924e-03
1209_right.jpg,P1,attn,147,1.746472e-03
1209_right.jpg,P1,attn,148,6.638524e-03
1209_right.jpg,P1,attn,149,4.187673e-03
1209_right.jpg,P1,attn,150,2.817513e-03
1209_right.jpg,P1,attn,151,1.215776e-03
1209_right.jpg,P1,attn,152,1.114461e-03
1209_right.jpg,P1,attn,153,2.267519e-03
1209_right.jpg,P1,attn,154,5.750814e-03
1209_right.jpg,P1,attn,155,1.862260e-03
1209_right.jpg,P1,attn,156,2.663129e-03
1209_right.jpg,P1,attn,157,3.724521e-03
1209_right.jpg,P1,attn,158,3.126282e-03
1209_right.jpg,P1,attn,159,3.261368e-03
1209_right.jpg,P1,attn,160,1.447353e-03
1209_right.jpg,P1,attn,161,4.419250e-03
1209_right.jpg,P1,attn,162,3.550838e-03
1209_right.jpg,P1,attn,163,3.550838e-03
1209_right.jpg,P1,attn,164,2.605235e-03
1209_right.jpg,P1,attn,165,1.437703e-03
1209_right.jpg,P1,attn,166,2.084188e-03
1209_right.jpg,P1,attn,167,2.971897e-03
1209_right.jpg,P1,attn,168,4.978893e-03
1209_right.jpg,P1,attn,169,2.643831e-03
1209_right.jpg,P1,attn,170,2.026294e-03
1209_right.jpg,P1,attn,171,1.852611e-03
1209_right.jpg,P1,attn,172,2.277168e-03
1209_right.jpg,P1,attn,173,4.342058e-03
1209_right.jpg,P1,attn,174,6.754312e-03
1209_right.jpg,P1,attn,175,5.866603e-03
1209_right.jpg,P1,attn,176,2.798215e-03
1209_right.jpg,P1,attn,177,8.635870e-04
1209_right.jpg,P1,attn,178,3.956097e-04
1209_right.jpg,P1,attn,179,1.514896e-03
1209_right.jpg,P1,attn,180,3.685924e-03
1209_right.jpg,P1,attn,181,9.456036e-04
1209_right.jpg,P1,attn,182,1.794717e-03
1209_right.jpg,P1,attn,183,4.510915e-04
1209_right.jpg,P1,attn,184,2.875407e-03
1209_right.jpg,P1,attn,185,1.204197e-02
1209_right.jpg,P1,attn,186,7.863949e-04
1209_right.jpg,P1,attn,187,1.669280e-03
1209_right.jpg,P1,attn,188,3.512242e-03
1209_right.jpg,P1,attn,189,1.188759e-02
1209_right.jpg,P1,attn,190,1.649982e-03
1209_right.jpg,P1,attn,191,7.140273e-04
1209_right.jpg,P1,attn,192,3.226631e-02
1209_right.jpg,P1,attn,193,8.336751e-03
1209_right.jpg,P1,attn,194,7.603426e-03
1209_right.jpg,P1,attn,195,6.599928e-03
1209_right.jpg,P1,attn,196,1.404897e-02
1209_right.jpg,P1,attn,197,1.358582e-02
1209_right.jpg,P1,attn,198,6.870100e-03
1209_right.jpg,P1,attn,199,1.289109e-02
1209_right.jpg,P1,attn,200,1.476300e-03
1209_right.jpg,P1,attn,201,2.914003e-03
1209_right.jpg,P1,attn,202,3.164878e-03
1209_right.jpg,P1,attn,203,4.033289e-03
1209_right.jpg,P1,attn,204,5.943794e-03
1209_right.jpg,P1,attn,205,4.322760e-03
1209_right.jpg,P1,attn,206,5.094681e-03
1209_right.jpg,P1,attn,207,8.992884e-03
1209_right.jpg,P1,attn,208,2.508744e-03
1209_right.jpg,P1,attn,209,2.354360e-03
1209_right.jpg,P1,attn,210,1.051743e-03
1209_right.jpg,P1,attn,211,1.124111e-03
1209_right.jpg,P1,attn,212,4.920999e-03
1209_right.jpg,P1,attn,213,4.573634e-03
1209_right.jpg,P1,attn,214,2.267519e-03
1209_right.jpg,P1,attn,215,4.573634e-03
1209_right.jpg,P1,attn,216,1.157882e-02
1209_right.jpg,P1,attn,217,1.018936e-02
1209_right.jpg,P1,attn,218,1.011217e-02
1209_right.jpg,P1,attn,219,6.985888e-03
1209_right.jpg,P1,attn,220,1.165601e-02
1209_right.jpg,P1,attn,221,3.415752e-03
1209_right.jpg,P1,attn,222,2.296466e-03
1209_right.jpg,P1,attn,223,4.091183e-03
1209_right.jpg,P1,attn,224,1.319986e-02
1209_right.jpg,P1,attn,225,5.828006e-03
1209_right.jpg,P1,attn,226,3.994693e-03
1209_right.jpg,P1,attn,227,7.796406e-03
1209_right.jpg,P1,attn,228,4.013991e-03
1209_right.jpg,P1,attn,229,2.344711e-03
1209_right.jpg,P1,attn,230,1.428055e-03
1209_right.jpg,P1,attn,231,6.715716e-03
1209_right.jpg,P1,attn,232,6.445543e-03
1209_right.jpg,P1,attn,233,1.829454e-02
1209_right.jpg,P1,attn,234,1.605596e-02
1209_right.jpg,P1,attn,235,5.287661e-03
1209_right.jpg,P1,attn,236,9.494632e-03
1209_right.jpg,P1,attn,237,2.300326e-02
1209_right.jpg,P1,attn,238,1.628754e-02
1209_right.jpg,P1,attn,239,6.368351e-03
1209_right.jpg,P1,attn,240,1.428055e-02
1209_right.jpg,P1,attn,241,6.831504e-03
1209_right.jpg,P1,attn,242,5.635026e-03
1209_right.jpg,P1,attn,243,1.798577e-02
1209_right.jpg,P1,attn,244,1.350862e-02
1209_right.jpg,P1,attn,245,5.017489e-03
1209_right.jpg,P1,attn,246,1.273670e-02
1209_right.jpg,P1,attn,247,5.712218e-03
1209_right.jpg,P1,attn,248,1.644192e-02
1209_right.jpg,P1,attn,249,1.165601e-02
1209_right.jpg,P1,attn,250,1.088409e-02
1209_right.jpg,P1,attn,251,2.115064e-02
1209_right.jpg,P1,attn,252,6.754312e-03
1209_right.jpg,P1,attn,253,5.673622e-03
1209_right.jpg,P1,attn,254,7.526233e-03
1209_right.jpg,P1,attn,255,1.875769e-02
1209_right.jpg,P1,rollout,0,9.585273e-03
1209_right.jpg,P1,rollout,1,4.159668e-03
1209_right.jpg,P1,rollout,2,2.515228e-03
1209_right.jpg,P1,rollout,3,3.002973e-03
1209_right.jpg,P1,rollout,4,8.848557e-04
1209_right.jpg,P1,rollout,5,5.433254e-04
1209_right.jpg,P1,rollout,6,1.997819e-03
1209_right.jpg,P1,rollout,7,2.004766e-03
1209_right.jpg,P1,rollout,8,2.709758e-03
1209_right.jpg,P1,rollout,9,1.362888e-03
1209_right.jpg,P1,rollout,10,1.140223e-03
1209_right.jpg,P1,rollout,11,2.193467e-03
1209_right.jpg,P1,rollout,12,3.221972e-03
1209_right.jpg,P1,rollout,13,6.665519e-03
1209_right.jpg,P1,rollout,14,4.111821e-03
1209_right.jpg,P1,rollout,15,9.450727e-03
1209_right.jpg,P1,rollout,16,3.081093e-03
1209_right.jpg,P1,rollout,17,5.942641e-04
1209_right.jpg,P1,rollout,18,1.543756e-03
1209_right.jpg,P1,rollout,19,1.485553e-03
1209_right.jpg,P1,rollout,20,3.247025e-03
1209_right.jpg,P1,rollout,21,5.873323e-03
1209_right.jpg,P1,rollout,22,3.992735e-03
1209_right.jpg,P1,rollout,23,3.255598e-03
1209_right.jpg,P1,rollout,24,3.448397e-03
1209_right.jpg,P1,rollout,25,6.303128e-03
1209_right.jpg,P1,rollout,26,4.470324e-03
1209_right.jpg,P1,rollout,27,4.082027e-03
1209_right.jpg,P1,rollout,28,9.648230e-04
1209_right.jpg,P1,rollout,29,6.074053e-04
1209_right.jpg,P1,rollout,30,7.007858e-04
1209_right.jpg,P1,rollout,31,5.716044e-03
1209_right.jpg,P1,rollout,32,3.969821e-03
1209_right.jpg,P1,rollout,33,1.284843e-03
1209_right.jpg,P1,rollout,34,1.494078e-03
1209_right.jpg,P1,rollout,35,1.571976e-03
1209_right.jpg,P1,rollout,36,5.575373e-03
1209_right.jpg,P1,rollout,37,1.981469e-03
1209_right.jpg,P1,rollout,38,2.614918e-03
1209_right.jpg,P1,rollout,39,1.126395e-03
1209_right.jpg,P1,rollout,40,2.162371e-03
1209_right.jpg,P1,rollout,41,2.586930e-03
1209_right.jpg,P1,rollout,42,5.968522e-03
1209_right.jpg,P1,rollout,43,5.205121e-03
1209_right.jpg,P1,rollout,44,3.126260e-03
1209_right.jpg,P1,rollout,45,2.652589e-03
1209_right.jpg,P1,rollout,46,9.231290e-04
1209_right.jpg,P1,rollout,47,1.529747e-02
1209_right.jpg,P1,rollout,48,1.048575e-02
1209_right.jpg,P1,rollout,49,1.123980e-03
1209_right.jpg,P1,rollout,50,1.727036e-03
1209_right.jpg,P1,rollout,51,6.657956e-03
1209_right.jpg,P1,rollout,52,4.347941e-03
1209_right.jpg,P1,rollout,53,2.294220e-03
1209_right.jpg,P1,rollout,54,1.763224e-03
1209_right.jpg,P1,rollout,55,1.300006e-03
1209_right.jpg,P1,rollout,56,9.763312e-04
1209_right.jpg,P1,rollout,57,2.792327e-03
1209_right.jpg,P1,rollout,58,5.247037e-03
1209_right.jpg,P1,rollout,59,7.796669e-03
1209_right.jpg,P1,rollout,60,7.250303e-03
1209_right.jpg,P1,rollout,61,8.447089e-04
1209_right.jpg,P1,rollout,62,8.390622e-04
1209_right.jpg,P1,rollout,63,3.588663e-03
1209_right.jpg,P1,rollout,64,2.216421e-03
1209_right.jpg,P1,rollout,65,7.883663e-04
1209_right.jpg,P1,rollout,66,2.545423e-03
1209_right.jpg,P1,rollout,67,6.522607e-03
1209_right.jpg,P1,rollout,68,2.278730e-03
1209_right.jpg,P1,rollout,69,1.076764e-03
1209_right.jpg,P1,rollout,70,1.248933e-03
1209_right.jpg,P1,rollout,71,1.019238e-03
1209_right.jpg,P1,rollout,72,1.368904e-03
1209_right.jpg,P1,rollout,73,3.797033e-03
1209_right.jpg,P1,rollout,74,6.684549e-03
1209_right.jpg,P1,rollout,75,3.908443e-03
1209_right.jpg,P1,rollout,76,7.140580e-03
1209_right.jpg,P1,rollout,77,1.131466e-03
1209_right.jpg,P1,rollout,78,1.112776e-03
1209_right.jpg,P1,rollout,79,2.555778e-03
1209_right.jpg,P1,rollout,80,1.227903e-03
1209_right.jpg,P1,rollout,81,1.084887e-03
1209_right.jpg,P1,rollout,82,5.656448e-03
1209_right.jpg,P1,rollout,83,6.241984e-03
1209_right.jpg,P1,rollout,84,3.326138e-03
1209_right.jpg,P1,rollout,85,2.047993e-02
1209_right.jpg,P1,rollout,86,2.196232e-03
1209_right.jpg,P1,rollout,87,1.310741e-03
1209_right.jpg,P1,rollout,88,1.524206e-03
1209_right.jpg,P1,rollout,89,5.588497e-03
1209_right.jpg,P1,rollout,90,8.988464e-03
1209_right.jpg,P1,rollout,91,3.582553e-03
1209_right.jpg,P1,rollout,92,6.054434e-03
1209_right.jpg,P1,rollout,93,3.302648e-03
1209_right.jpg,P1,rollout,94,7.601141e-04
1209_right.jpg,P1,rollout,95,2.446128e-03
1209_right.jpg,P1,rollout,96,1.639626e-03
1209_right.jpg,P1,rollout,97,2.053711e-03
1209_right.jpg,P1,rollout,98,4.126980e-03
1209_right.jpg,P1,rollout,99,5.224312e-03
1209_right.jpg,P1,rollout,100,3.247722e-03
1209_right.jpg,P1,rollout,101,1.170737e-03
1209_right.jpg,P1,rollout,102,1.986364e-03
1209_right.jpg,P1,rollout,103,1.321909e-03
1209_right.jpg,P1,rollout,104,1.869206e-03
1209_right.jpg,P1,rollout,105,5.700634e-03
1209_right.jpg,P1,rollout,106,7.532757e-03
1209_right.jpg,P1,rollout,107,7.449854e-03
1209_right.jpg,P1,rollout,108,6.863426e-03
1209_right.jpg,P1,rollout,109,3.849046e-03
1209_right.jpg,P1,rollout,110,3.213778e-03
1209_right.jpg,P1,rollout,111,3.086024e-03
1209_right.jpg,P1,rollout,112,7.123433e-04
1209_right.jpg,P1,rollout,113,7.480375e-04
1209_right.jpg,P1,rollout,114,3.990162e-03
1209_right.jpg,P1,rollout,115,3.704475e-03
1209_right.jpg,P1,rollout,116,2.104336e-03
1209_right.jpg,P1,rollout,117,1.719465e-03
1209_right.jpg,P1,rollout,118,1.463022e-03
1209_right.jpg,P1,rollout,119,6.345133e-03
1209_right.jpg,P1,rollout,120,2.497687e-03
1209_right.jpg,P1,rollout,121,8.593484e-03
1209_right.jpg,P1,rollout,122,6.578007e-03
1209_right.jpg,P1,rollout,123,6.047240e-03
1209_right.jpg,P1,rollout,124,6.555533e-03
1209_right.jpg,P1,rollout,125,2.927129e-03
1209_right.jpg,P1,rollout,126,1.253034e-03
1209_right.jpg,P1,rollout,127,2.548620e-03
1209_right.jpg,P1,rollout,128,2.635857e-03
1209_right.jpg,P1,rollout,129,3.056757e-03
1209_right.jpg,P1,rollout,130,1.508956e-03
1209_right.jpg,P1,rollout,131,5.430327e-03
1209_right.jpg,P1,rollout,132,3.156059e-03
1209_right.jpg,P1,rollout,133,2.692495e-03
1209_right.jpg,P1,rollout,134,1.512924e-03
1209_right.jpg,P1,rollout,135,3.172675e-03
1209_right.jpg,P1,rollout,136,4.369388e-03
1209_right.jpg,P1,rollout,137,9.068418e-03
1209_right.jpg,P1,rollout,138,9.072074e-03
1209_right.jpg,P1,rollout,139,5.503261e-03
1209_right.jpg,P1,rollout,140,6.258411e-03
1209_right.jpg,P1,rollout,141,2.748998e-03
1209_right.jpg,P1,rollout,142,2.889126e-03
1209_right.jpg,P1,rollout,143,1.864773e-03
1209_right.jpg,P1,rollout,144,7.983689e-04
1209_right.jpg,P1,rollout,145,8.515173e-04
1209_right.jpg,P1,rollout,146,4.572396e-03
1209_right.jpg,P1,rollout,147,5.908923e-03
1209_right.jpg,P1,rollout,148,3.370803e-03
1209_right.jpg,P1,rollout,149,5.492173e-03
1209_right.jpg,P1,rollout,150,2.286183e-03
1209_right.jpg,P1,rollout,151,4.902411e-03
1209_right.jpg,P1,rollout,152,3.432888e-03
1209_right.jpg,P1,rollout,153,6.048752e-03
1209_right.jpg,P1,rollout,154,5.530970e-03
1209_right.jpg,P1,rollout,155,5.626491e-03
1209_right.jpg,P1,rollout,156,8.985277e-03
1209_right.jpg,P1,rollout,157,6.302815e-03
1209_right.jpg,P1,rollout,158,9.437202e-04
1209_right.jpg,P1,rollout,159,2.134358e-03
1209_right.jpg,P1,rollout,160,1.209611e-03
1209_right.jpg,P1,rollout,161,1.958158e-03
1209_right.jpg,P1,rollout,162,3.821759e-03
1209_right.jpg,P1,rollout,163,6.062848e-03
1209_right.jpg,P1,rollout,164,3.591284e-03
1209_right.jpg,P1,rollout,165,2.709819e-03
1209_right.jpg,P1,rollout,166,3.395630e-03
1209_right.jpg,P1,rollout,167,4.016190e-03
1209_right.jpg,P1,rollout,168,4.234424e-03
1209_right.jpg,P1,rollout,169,4.096211e-03
1209_right.jpg,P1,rollout,170,5.113954e-03
1209_right.jpg,P1,rollout,171,5.062014e-03
1209_right.jpg,P1,rollout,172,6.691663e-03
1209_right.jpg,P1,rollout,173,3.164938e-03
1209_right.jpg,P1,rollout,174,1.026528e-03
1209_right.jpg,P1,rollout,175,1.641722e-03
1209_right.jpg,P1,rollout,176,2.100326e-03
1209_right.jpg,P1,rollout,177,1.125332e-03
1209_right.jpg,P1,rollout,178,5.176206e-03
1209_right.jpg,P1,rollout,179,6.545231e-03
1209_right.jpg,P1,rollout,180,5.186313e-03
1209_right.jpg,P1,rollout,181,3.180559e-03
1209_right.jpg,P1,rollout,182,4.458098e-03
1209_right.jpg,P1,rollout,183,4.591156e-03
1209_right.jpg,P1,rollout,184,3.726479e-03
1209_right.jpg,P1,rollout,185,5.225194e-03
1209_right.jpg,P1,rollout,186,4.311207e-03
1209_right.jpg,P1,rollout,187,5.707224e-03
1209_right.jpg,P1,rollout,188,5.793842e-03
1209_right.jpg,P1,rollout,189,1.755199e-03
1209_right.jpg,P1,rollout,190,9.247299e-04
1209_right.jpg,P1,rollout,191,4.219370e-03
1209_right.jpg,P1,rollout,192,3.434419e-03
1209_right.jpg,P1,rollout,193,3.784679e-03
1209_right.jpg,P1,rollout,194,4.305333e-03
1209_right.jpg,P1,rollout,195,5.227361e-03
1209_right.jpg,P1,rollout,196,6.147712e-03
1209_right.jpg,P1,rollout,197,2.853775e-03
1209_right.jpg,P1,rollout,198,4.122214e-03
1209_right.jpg,P1,rollout,199,4.659209e-03
1209_right.jpg,P1,rollout,200,2.671568e-03
1209_right.jpg,P1,rollout,201,3.045529e-03
1209_right.jpg,P1,rollout,202,4.411176e-03
1209_right.jpg,P1,rollout,203,6.630628e-03
1209_right.jpg,P1,rollout,204,4.504451e-03
1209_right.jpg,P1,rollout,205,1.245320e-03
1209_right.jpg,P1,rollout,206,1.182765e-03
1209_right.jpg,P1,rollout,207,3.664318e-03
1209_right.jpg,P1,rollout,208,5.632944e-03
1209_right.jpg,P1,rollout,209,3.690939e-03
1209_right.jpg,P1,rollout,210,3.795642e-03
1209_right.jpg,P1,rollout,211,5.352826e-03
1209_right.jpg,P1,rollout,212,5.523839e-03
1209_right.jpg,P1,rollout,213,4.781417e-03
1209_right.jpg,P1,rollout,214,4.189295e-03
1209_right.jpg,P1,rollout,215,5.626665e-03
1209_right.jpg,P1,rollout,216,4.830766e-03
1209_right.jpg,P1,rollout,217,5.574855e-03
1209_right.jpg,P1,rollout,218,6.742101e-03
1209_right.jpg,P1,rollout,219,5.525989e-03
1209_right.jpg,P1,rollout,220,3.743799e-03
1209_right.jpg,P1,rollout,221,1.146731e-03
1209_right.jpg,P1,rollout,222,1.333130e-03
1209_right.jpg,P1,rollout,223,8.210386e-03
1209_right.jpg,P1,rollout,224,4.086133e-03
1209_right.jpg,P1,rollout,225,2.026448e-03
1209_right.jpg,P1,rollout,226,5.109699e-03
1209_right.jpg,P1,rollout,227,3.025770e-03
1209_right.jpg,P1,rollout,228,4.025107e-03
1209_right.jpg,P1,rollout,229,3.919533e-03
1209_right.jpg,P1,rollout,230,7.929747e-03
1209_right.jpg,P1,rollout,231,6.741013e-03
1209_right.jpg,P1,rollout,232,6.645543e-03
1209_right.jpg,P1,rollout,233,7.106543e-03
1209_right.jpg,P1,rollout,234,5.667497e-03
1209_right.jpg,P1,rollout,235,3.470422e-03
1209_right.jpg,P1,rollout,236,2.527497e-03
1209_right.jpg,P1,rollout,237,2.368539e-03
1209_right.jpg,P1,rollout,238,2.060525e-03
1209_right.jpg,P1,rollout,239,5.243624e-03
1209_right.jpg,P1,rollout,240,6.797831e-03
1209_right.jpg,P1,rollout,241,5.675980e-03
1209_right.jpg,P1,rollout,242,6.402483e-03
1209_right.jpg,P1,rollout,243,4.863363e-03
1209_right.jpg,P1,rollout,244,2.417449e-03
1209_right.jpg,P1,rollout,245,1.698717e-03
1209_right.jpg,P1,rollout,246,2.628707e-03
1209_right.jpg,P1,rollout,247,2.668351e-03
1209_right.jpg,P1,rollout,248,2.427222e-03
1209_right.jpg,P1,rollout,249,3.039804e-03
1209_right.jpg,P1,rollout,250,4.700221e-03
1209_right.jpg,P1,rollout,251,5.399272e-03
1209_right.jpg,P1,rollout,252,4.021368e-03
1209_right.jpg,P1,rollout,253,2.638689e-03
1209_right.jpg,P1,rollout,254,7.961039e-03
1209_right.jpg,P1,rollout,255,1.437822e-02
1209_right.jpg,P1,headspec,0,2.454224e-03
1209_right.jpg,P1,headspec,1,1.299164e-04
1209_right.jpg,P1,headspec,2,2.574888e-04
1209_right.jpg,P1,headspec,3,1.861582e-03
1209_right.jpg,P1,headspec,4,2.128965e-03
1209_right.jpg,P1,headspec,5,2.845111e-03
1209_right.jpg,P1,headspec,6,4.628263e-04
1209_right.jpg,P1,headspec,7,4.554341e-04
1209_right.jpg,P1,headspec,8,1.765483e-03
1209_right.jpg,P1,headspec,9,2.120311e-03
1209_right.jpg,P1,headspec,10,1.589332e-03
1209_right.jpg,P1,headspec,11,1.504772e-03
1209_right.jpg,P1,headspec,12,2.782367e-03
1209_right.jpg,P1,headspec,13,4.409381e-03
1209_right.jpg,P1,headspec,14,6.546189e-04
1209_right.jpg,P1,headspec,15,1.862844e-03
1209_right.jpg,P1,headspec,16,7.852001e-04
1209_right.jpg,P1,headspec,17,3.161715e-03
1209_right.jpg,P1,headspec,18,2.952569e-03
1209_right.jpg,P1,headspec,19,5.429149e-03
1209_right.jpg,P1,headspec,20,2.242914e-03
1209_right.jpg,P1,headspec,21,1.533800e-03
1209_right.jpg,P1,headspec,22,5.326018e-04
1209_right.jpg,P1,headspec,23,2.889464e-03
1209_right.jpg,P1,headspec,24,4.083762e-04
1209_right.jpg,P1,headspec,25,2.408247e-03
1209_right.jpg,P1,headspec,26,1.605017e-03
1209_right.jpg,P1,headspec,27,7.901583e-04
1209_right.jpg,P1,headspec,28,1.206558e-03
1209_right.jpg,P1,headspec,29,3.303069e-03
1209_right.jpg,P1,headspec,30,1.903231e-03
1209_right.jpg,P1,headspec,31,2.728998e-03
1209_right.jpg,P1,headspec,32,1.942897e-03
1209_right.jpg,P1,headspec,33,9.341267e-04
1209_right.jpg,P1,headspec,34,1.860681e-03
1209_right.jpg,P1,headspec,35,2.240029e-03
1209_right.jpg,P1,headspec,36,1.290397e-03
1209_right.jpg,P1,headspec,37,1.969942e-03
1209_right.jpg,P1,headspec,38,1.504772e-03
1209_right.jpg,P1,headspec,39,1.369908e-03
1209_right.jpg,P1,headspec,40,9.418795e-04
1209_right.jpg,P1,headspec,41,8.583111e-04
1209_right.jpg,P1,headspec,42,6.876225e-03
1209_right.jpg,P1,headspec,43,9.438177e-04
1209_right.jpg,P1,headspec,44,2.451339e-03
1209_right.jpg,P1,headspec,45,2.790480e-03
1209_right.jpg,P1,headspec,46,6.001777e-03
1209_right.jpg,P1,headspec,47,5.658489e-03
1209_right.jpg,P1,headspec,48,5.928937e-03
1209_right.jpg,P1,headspec,49,2.357403e-03
1209_right.jpg,P1,headspec,50,2.851782e-03
1209_right.jpg,P1,headspec,51,1.340520e-03
1209_right.jpg,P1,headspec,52,2.000412e-03
1209_right.jpg,P1,headspec,53,7.596879e-04
1209_right.jpg,P1,headspec,54,2.803867e-04
1209_right.jpg,P1,headspec,55,5.363881e-04
1209_right.jpg,P1,headspec,56,2.264910e-03
1209_right.jpg,P1,headspec,57,1.085397e-03
1209_right.jpg,P1,headspec,58,1.913328e-03
1209_right.jpg,P1,headspec,59,1.231033e-03
1209_right.jpg,P1,headspec,60,5.345626e-04
1209_right.jpg,P1,headspec,61,4.381976e-03
1209_right.jpg,P1,headspec,62,5.985370e-03
1209_right.jpg,P1,headspec,63,8.128984e-04
1209_right.jpg,P1,headspec,64,1.067367e-03
1209_right.jpg,P1,headspec,65,9.253822e-04
1209_right.jpg,P1,headspec,66,2.286185e-03
1209_right.jpg,P1,headspec,67,5.442311e-04
1209_right.jpg,P1,headspec,68,1.113614e-03
1209_right.jpg,P1,headspec,69,1.534701e-03
1209_right.jpg,P1,headspec,70,3.338791e-04
1209_right.jpg,P1,headspec,71,1.049337e-03
1209_right.jpg,P1,headspec,72,1.965254e-03
1209_right.jpg,P1,headspec,73,8.863476e-04
1209_right.jpg,P1,headspec,74,6.623446e-03
1209_right.jpg,P1,headspec,75,1.598166e-03
1209_right.jpg,P1,headspec,76,4.509266e-04
1209_right.jpg,P1,headspec,77,2.809772e-03
1209_right.jpg,P1,headspec,78,1.816598e-03
1209_right.jpg,P1,headspec,79,1.452665e-03
1209_right.jpg,P1,headspec,80,8.966246e-04
1209_right.jpg,P1,headspec,81,1.995544e-03
1209_right.jpg,P1,headspec,82,1.066466e-03
1209_right.jpg,P1,headspec,83,4.161741e-04
1209_right.jpg,P1,headspec,84,1.678805e-04
1209_right.jpg,P1,headspec,85,3.224188e-04
1209_right.jpg,P1,headspec,86,3.309379e-04
1209_right.jpg,P1,headspec,87,6.339296e-04
1209_right.jpg,P1,headspec,88,2.438538e-04
1209_right.jpg,P1,headspec,89,4.729230e-04
1209_right.jpg,P1,headspec,90,1.312573e-03
1209_right.jpg,P1,headspec,91,1.211065e-03
1209_right.jpg,P1,headspec,92,2.059911e-04
1209_right.jpg,P1,headspec,93,1.451043e-03
1209_right.jpg,P1,headspec,94,9.303404e-04
1209_right.jpg,P1,headspec,95,8.634496e-04
1209_right.jpg,P1,headspec,96,1.816688e-03
1209_right.jpg,P1,headspec,97,1.810197e-03
1209_right.jpg,P1,headspec,98,1.070793e-03
1209_right.jpg,P1,headspec,99,1.190547e-02
1209_right.jpg,P1,headspec,100,2.517328e-03
1209_right.jpg,P1,headspec,101,2.564070e-04
1209_right.jpg,P1,headspec,102,4.325587e-04
1209_right.jpg,P1,headspec,103,2.080465e-03
1209_right.jpg,P1,headspec,104,3.786269e-04
1209_right.jpg,P1,headspec,105,5.015905e-04
1209_right.jpg,P1,headspec,106,1.967418e-03
1209_right.jpg,P1,headspec,107,7.476980e-04
1209_right.jpg,P1,headspec,108,2.067483e-03
1209_right.jpg,P1,headspec,109,1.794151e-03
1209_right.jpg,P1,headspec,110,2.912362e-03
1209_right.jpg,P1,headspec,111,2.425015e-03
1209_right.jpg,P1,headspec,112,1.078185e-03
1209_right.jpg,P1,headspec,113,4.622854e-03
1209_right.jpg,P1,headspec,114,2.892349e-03
1209_right.jpg,P1,headspec,115,3.665469e-04
1209_right.jpg,P1,headspec,116,8.953625e-04
1209_right.jpg,P1,headspec,117,1.408132e-04
1209_right.jpg,P1,headspec,118,1.588881e-04
1209_right.jpg,P1,headspec,119,1.562828e-03
1209_right.jpg,P1,headspec,120,3.316051e-03
1209_right.jpg,P1,headspec,121,4.588237e-03
1209_right.jpg,P1,headspec,122,4.570207e-03
1209_right.jpg,P1,headspec,123,1.048616e-03
1209_right.jpg,P1,headspec,124,2.771549e-03
1209_right.jpg,P1,headspec,125,2.084251e-03
1209_right.jpg,P1,headspec,126,1.490483e-03
1209_right.jpg,P1,headspec,127,2.447733e-03
1209_right.jpg,P1,headspec,128,3.050291e-03
1209_right.jpg,P1,headspec,129,1.364860e-03
1209_right.jpg,P1,headspec,130,4.047341e-03
1209_right.jpg,P1,headspec,131,2.644619e-03
1209_right.jpg,P1,headspec,132,4.405054e-03
1209_right.jpg,P1,headspec,133,1.476284e-03
1209_right.jpg,P1,headspec,134,1.004488e-04
1209_right.jpg,P1,headspec,135,7.264228e-04
1209_right.jpg,P1,headspec,136,5.295368e-04
1209_right.jpg,P1,headspec,137,1.308246e-03
1209_right.jpg,P1,headspec,138,1.711249e-02
1209_right.jpg,P1,headspec,139,9.779392e-04
1209_right.jpg,P1,headspec,140,9.644168e-04
1209_right.jpg,P1,headspec,141,5.157259e-03
1209_right.jpg,P1,headspec,142,2.522737e-03
1209_right.jpg,P1,headspec,143,3.216526e-03
1209_right.jpg,P1,headspec,144,4.302644e-03
1209_right.jpg,P1,headspec,145,2.808330e-03
1209_right.jpg,P1,headspec,146,4.336540e-03
1209_right.jpg,P1,headspec,147,2.046974e-03
1209_right.jpg,P1,headspec,148,7.835053e-03
1209_right.jpg,P1,headspec,149,3.166042e-03
1209_right.jpg,P1,headspec,150,4.568765e-04
1209_right.jpg,P1,headspec,151,1.140208e-03
1209_right.jpg,P1,headspec,152,8.054611e-04
1209_right.jpg,P1,headspec,153,2.531752e-03
1209_right.jpg,P1,headspec,154,6.759031e-03
1209_right.jpg,P1,headspec,155,1.919819e-03
1209_right.jpg,P1,headspec,156,2.818427e-03
1209_right.jpg,P1,headspec,157,4.154078e-03
1209_right.jpg,P1,headspec,158,2.998725e-03
1209_right.jpg,P1,headspec,159,3.757421e-03
1209_right.jpg,P1,headspec,160,1.087561e-03
1209_right.jpg,P1,headspec,161,5.169519e-03
1209_right.jpg,P1,headspec,162,4.125230e-03
1209_right.jpg,P1,headspec,163,4.194465e-03
1209_right.jpg,P1,headspec,164,2.992956e-03
1209_right.jpg,P1,headspec,165,1.669204e-03
1209_right.jpg,P1,headspec,166,1.916934e-03
1209_right.jpg,P1,headspec,167,2.946799e-03
1209_right.jpg,P1,headspec,168,5.795516e-03
1209_right.jpg,P1,headspec,169,2.883334e-03
1209_right.jpg,P1,headspec,170,2.278973e-03
1209_right.jpg,P1,headspec,171,1.940012e-03
1209_right.jpg,P1,headspec,172,2.532112e-03
1209_right.jpg,P1,headspec,173,4.803874e-03
1209_right.jpg,P1,headspec,174,7.312908e-03
1209_right.jpg,P1,headspec,175,6.158998e-03
1209_right.jpg,P1,headspec,176,2.642455e-03
1209_right.jpg,P1,headspec,177,7.550902e-04
1209_right.jpg,P1,headspec,178,4.065732e-04
1209_right.jpg,P1,headspec,179,1.744929e-03
1209_right.jpg,P1,headspec,180,4.321395e-03
1209_right.jpg,P1,headspec,181,6.339296e-04
1209_right.jpg,P1,headspec,182,1.992659e-03
1209_right.jpg,P1,headspec,183,2.555732e-04
1209_right.jpg,P1,headspec,184,3.354995e-03
1209_right.jpg,P1,headspec,185,1.366807e-02
1209_right.jpg,P1,headspec,186,7.763655e-04
1209_right.jpg,P1,headspec,187,1.664155e-03
1209_right.jpg,P1,headspec,188,4.112970e-03
1209_right.jpg,P1,headspec,189,1.221703e-02
1209_right.jpg,P1,headspec,190,1.412098e-03
1209_right.jpg,P1,headspec,191,6.681863e-04
1209_right.jpg,P1,headspec,192,2.417298e-02
1209_right.jpg,P1,headspec,193,7.050394e-03
1209_right.jpg,P1,headspec,194,7.656197e-03
1209_right.jpg,P1,headspec,195,7.664130e-03
1209_right.jpg,P1,headspec,196,1.607397e-02
1209_right.jpg,P1,headspec,197,1.556625e-02
1209_right.jpg,P1,headspec,198,7.979291e-03
1209_right.jpg,P1,headspec,199,1.497776e-02
1209_right.jpg,P1,headspec,200,1.156795e-03
1209_right.jpg,P1,headspec,201,3.029736e-03
1209_right.jpg,P1,headspec,202,3.612461e-03
1209_right.jpg,P1,headspec,203,4.693892e-03
1209_right.jpg,P1,headspec,204,6.660949e-03
1209_right.jpg,P1,headspec,205,4.820461e-03
1209_right.jpg,P1,headspec,206,5.110382e-03
1209_right.jpg,P1,headspec,207,1.026115e-02
1209_right.jpg,P1,headspec,208,2.716017e-03
1209_right.jpg,P1,headspec,209,2.483793e-03
1209_right.jpg,P1,headspec,210,6.548443e-04
1209_right.jpg,P1,headspec,211,1.065204e-03
1209_right.jpg,P1,headspec,212,5.703203e-03
1209_right.jpg,P1,headspec,213,3.838195e-03
1209_right.jpg,P1,headspec,214,2.115984e-03
1209_right.jpg,P1,headspec,215,4.491597e-03
1209_right.jpg,P1,headspec,216,1.266994e-02
1209_right.jpg,P1,headspec,217,1.210596e-02
1209_right.jpg,P1,headspec,218,1.157084e-02
1209_right.jpg,P1,headspec,219,8.182668e-03
1209_right.jpg,P1,headspec,220,1.233098e-02
1209_right.jpg,P1,headspec,221,3.702610e-03
1209_right.jpg,P1,headspec,222,2.304215e-03
1209_right.jpg,P1,headspec,223,3.660781e-03
1209_right.jpg,P1,headspec,224,1.313727e-02
1209_right.jpg,P1,headspec,225,5.573388e-03
1209_right.jpg,P1,headspec,226,3.675205e-03
1209_right.jpg,P1,headspec,227,7.621579e-03
1209_right.jpg,P1,headspec,228,4.445441e-03
1209_right.jpg,P1,headspec,229,2.310706e-03
1209_right.jpg,P1,headspec,230,1.435897e-03
1209_right.jpg,P1,headspec,231,6.906155e-03
1209_right.jpg,P1,headspec,232,6.891731e-03
1209_right.jpg,P1,headspec,233,1.819717e-02
1209_right.jpg,P1,headspec,234,1.524316e-02
1209_right.jpg,P1,headspec,235,4.281008e-03
1209_right.jpg,P1,headspec,236,1.018615e-02
1209_right.jpg,P1,headspec,237,1.752502e-02
1209_right.jpg,P1,headspec,238,1.673747e-02
1209_right.jpg,P1,headspec,239,6.721529e-03
1209_right.jpg,P1,headspec,240,1.367384e-02
1209_right.jpg,P1,headspec,241,7.385028e-03
1209_right.jpg,P1,headspec,242,1.482775e-03
1209_right.jpg,P1,headspec,243,1.790869e-02
1209_right.jpg,P1,headspec,244,1.203529e-02
1209_right.jpg,P1,headspec,245,3.692514e-03
1209_right.jpg,P1,headspec,246,1.459697e-02
1209_right.jpg,P1,headspec,247,6.051540e-03
1209_right.jpg,P1,headspec,248,1.826640e-02
1209_right.jpg,P1,headspec,249,7.495370e-03
1209_right.jpg,P1,headspec,250,1.010826e-02
1209_right.jpg,P1,headspec,251,2.243202e-02
1209_right.jpg,P1,headspec,252,6.986929e-03
1209_right.jpg,P1,headspec,253,5.325297e-03
1209_right.jpg,P1,headspec,254,8.463934e-03
1209_right.jpg,P1,headspec,255,2.048191e-02
1209_right.jpg,P1,roi,0,0.000000e+00
1209_right.jpg,P1,roi,1,0.000000e+00
1209_right.jpg,P1,roi,2,0.000000e+00
1209_right.jpg,P1,roi,3,0.000000e+00
1209_right.jpg,P1,roi,4,0.000000e+00
1209_right.jpg,P1,roi,5,0.000000e+00
1209_right.jpg,P1,roi,6,0.000000e+00
1209_right.jpg,P1,roi,7,0.000000e+00
1209_right.jpg,P1,roi,8,0.000000e+00
1209_right.jpg,P1,roi,9,0.000000e+00
1209_right.jpg,P1,roi,10,0.000000e+00
1209_right.jpg,P1,roi,11,0.000000e+00
1209_right.jpg,P1,roi,12,0.000000e+00
1209_right.jpg,P1,roi,13,0.000000e+00
1209_right.jpg,P1,roi,14,0.000000e+00
1209_right.jpg,P1,roi,15,0.000000e+00
1209_right.jpg,P1,roi,16,0.000000e+00
1209_right.jpg,P1,roi,17,0.000000e+00
1209_right.jpg,P1,roi,18,0.000000e+00
1209_right.jpg,P1,roi,19,0.000000e+00
1209_right.jpg,P1,roi,20,0.000000e+00
1209_right.jpg,P1,roi,21,0.000000e+00
1209_right.jpg,P1,roi,22,0.000000e+00
1209_right.jpg,P1,roi,23,0.000000e+00
1209_right.jpg,P1,roi,24,0.000000e+00
1209_right.jpg,P1,roi,25,0.000000e+00
1209_right.jpg,P1,roi,26,0.000000e+00
1209_right.jpg,P1,roi,27,0.000000e+00
1209_right.jpg,P1,roi,28,0.000000e+00
1209_right.jpg,P1,roi,29,0.000000e+00
1209_right.jpg,P1,roi,30,0.000000e+00
1209_right.jpg,P1,roi,31,0.000000e+00
1209_right.jpg,P1,roi,32,0.000000e+00
1209_right.jpg,P1,roi,33,0.000000e+00
1209_right.jpg,P1,roi,34,0.000000e+00
1209_right.jpg,P1,roi,35,0.000000e+00
1209_right.jpg,P1,roi,36,0.000000e+00
1209_right.jpg,P1,roi,37,0.000000e+00
1209_right.jpg,P1,roi,38,0.000000e+00
1209_right.jpg,P1,roi,39,0.000000e+00
1209_right.jpg,P1,roi,40,0.000000e+00
1209_right.jpg,P1,roi,41,0.000000e+00
1209_right.jpg,P1,roi,42,0.000000e+00
1209_right.jpg,P1,roi,43,0.000000e+00
1209_right.jpg,P1,roi,44,0.000000e+00
1209_right.jpg,P1,roi,45,0.000000e+00
1209_right.jpg,P1,roi,46,0.000000e+00
1209_right.jpg,P1,roi,47,0.000000e+00
1209_right.jpg,P1,roi,48,0.000000e+00
1209_right.jpg,P1,roi,49,0.000000e+00
1209_right.jpg,P1,roi,50,0.000000e+00
1209_right.jpg,P1,roi,51,0.000000e+00
1209_right.jpg,P1,roi,52,0.000000e+00
1209_right.jpg,P1,roi,53,0.000000e+00
1209_right.jpg,P1,roi,54,0.000000e+00
1209_right.jpg,P1,roi,55,0.000000e+00
1209_right.jpg,P1,roi,56,0.000000e+00
1209_right.jpg,P1,roi,57,0.000000e+00
1209_right.jpg,P1,roi,58,0.000000e+00
1209_right.jpg,P1,roi,59,0.000000e+00
1209_right.jpg,P1,roi,60,0.000000e+00
1209_right.jpg,P1,roi,61,0.000000e+00
1209_right.jpg,P1,roi,62,0.000000e+00
1209_right.jpg,P1,roi,63,0.000000e+00
1209_right.jpg,P1,roi,64,0.000000e+00
1209_right.jpg,P1,roi,65,0.000000e+00
1209_right.jpg,P1,roi,66,0.000000e+00
1209_right.jpg,P1,roi,67,0.000000e+00
1209_right.jpg,P1,roi,68,0.000000e+00
1209_right.jpg,P1,roi,69,0.000000e+00
1209_right.jpg,P1,roi,70,0.000000e+00
1209_right.jpg,P1,roi,71,0.000000e+00
1209_right.jpg,P1,roi,72,0.000000e+00
1209_right.jpg,P1,roi,73,0.000000e+00
1209_right.jpg,P1,roi,74,0.000000e+00
1209_right.jpg,P1,roi,75,0.000000e+00
1209_right.jpg,P1,roi,76,0.000000e+00
1209_right.jpg,P1,roi,77,0.000000e+00
1209_right.jpg,P1,roi,78,0.000000e+00
1209_right.jpg,P1,roi,79,0.000000e+00
1209_right.jpg,P1,roi,80,0.000000e+00
1209_right.jpg,P1,roi,81,0.000000e+00
1209_right.jpg,P1,roi,82,0.000000e+00
1209_right.jpg,P1,roi,83,0.000000e+00
1209_right.jpg,P1,roi,84,0.000000e+00
1209_right.jpg,P1,roi,85,0.000000e+00
1209_right.jpg,P1,roi,86,0.000000e+00
1209_right.jpg,P1,roi,87,0.000000e+00
1209_right.jpg,P1,roi,88,0.000000e+00
1209_right.jpg,P1,roi,89,0.000000e+00
1209_right.jpg,P1,roi,90,0.000000e+00
1209_right.jpg,P1,roi,91,0.000000e+00
1209_right.jpg,P1,roi,92,0.000000e+00
1209_right.jpg,P1,roi,93,0.000000e+00
1209_right.jpg,P1,roi,94,0.000000e+00
1209_right.jpg,P1,roi,95,0.000000e+00
1209_right.jpg,P1,roi,96,0.000000e+00
1209_right.jpg,P1,roi,97,0.000000e+00
1209_right.jpg,P1,roi,98,0.000000e+00
1209_right.jpg,P1,roi,99,0.000000e+00
1209_right.jpg,P1,roi,100,0.000000e+00
1209_right.jpg,P1,roi,101,0.000000e+00
1209_right.jpg,P1,roi,102,0.000000e+00
1209_right.jpg,P1,roi,103,0.000000e+00
1209_right.jpg,P1,roi,104,0.000000e+00
1209_right.jpg,P1,roi,105,3.101212e-03
1209_right.jpg,P1,roi,106,9.994362e-02
1209_right.jpg,P1,roi,107,1.409642e-04
1209_right.jpg,P1,roi,108,0.000000e+00
1209_right.jpg,P1,roi,109,0.000000e+00
1209_right.jpg,P1,roi,110,0.000000e+00
1209_right.jpg,P1,roi,111,0.000000e+00
1209_right.jpg,P1,roi,112,0.000000e+00
1209_right.jpg,P1,roi,113,0.000000e+00
1209_right.jpg,P1,roi,114,0.000000e+00
1209_right.jpg,P1,roi,115,0.000000e+00
1209_right.jpg,P1,roi,116,0.000000e+00
1209_right.jpg,P1,roi,117,0.000000e+00
1209_right.jpg,P1,roi,118,0.000000e+00
1209_right.jpg,P1,roi,119,0.000000e+00
1209_right.jpg,P1,roi,120,0.000000e+00
1209_right.jpg,P1,roi,121,9.853397e-02
1209_right.jpg,P1,roi,122,4.420637e-01
1209_right.jpg,P1,roi,123,3.481815e-02
1209_right.jpg,P1,roi,124,0.000000e+00
1209_right.jpg,P1,roi,125,0.000000e+00
1209_right.jpg,P1,roi,126,0.000000e+00
1209_right.jpg,P1,roi,127,0.000000e+00
1209_right.jpg,P1,roi,128,0.000000e+00
1209_right.jpg,P1,roi,129,0.000000e+00
1209_right.jpg,P1,roi,130,0.000000e+00
1209_right.jpg,P1,roi,131,0.000000e+00
1209_right.jpg,P1,roi,132,0.000000e+00
1209_right.jpg,P1,roi,133,0.000000e+00
1209_right.jpg,P1,roi,134,0.000000e+00
1209_right.jpg,P1,roi,135,0.000000e+00
1209_right.jpg,P1,roi,136,0.000000e+00
1209_right.jpg,P1,roi,137,3.876515e-02
1209_right.jpg,P1,roi,138,2.743163e-01
1209_right.jpg,P1,roi,139,8.316888e-03
1209_right.jpg,P1,roi,140,0.000000e+00
1209_right.jpg,P1,roi,141,0.000000e+00
1209_right.jpg,P1,roi,142,0.000000e+00
1209_right.jpg,P1,roi,143,0.000000e+00
1209_right.jpg,P1,roi,144,0.000000e+00
1209_right.jpg,P1,roi,145,0.000000e+00
1209_right.jpg,P1,roi,146,0.000000e+00
1209_right.jpg,P1,roi,147,0.000000e+00
1209_right.jpg,P1,roi,148,0.000000e+00
1209_right.jpg,P1,roi,149,0.000000e+00
1209_right.jpg,P1,roi,150,0.000000e+00
1209_right.jpg,P1,roi,151,0.000000e+00
1209_right.jpg,P1,roi,152,0.000000e+00
1209_right.jpg,P1,roi,153,0.000000e+00
1209_right.jpg,P1,roi,154,0.000000e+00
1209_right.jpg,P1,roi,155,0.000000e+00
1209_right.jpg,P1,roi,156,0.000000e+00
1209_right.jpg,P1,roi,157,0.000000e+00
1209_right.jpg,P1,roi,158,0.000000e+00
1209_right.jpg,P1,roi,159,0.000000e+00
1209_right.jpg,P1,roi,160,0.000000e+00
1209_right.jpg,P1,roi,161,0.000000e+00
1209_right.jpg,P1,roi,162,0.000000e+00
1209_right.jpg,P1,roi,163,0.000000e+00
1209_right.jpg,P1,roi,164,0.000000e+00
1209_right.jpg,P1,roi,165,0.000000e+00
1209_right.jpg,P1,roi,166,0.000000e+00
1209_right.jpg,P1,roi,167,0.000000e+00
1209_right.jpg,P1,roi,168,0.000000e+00
1209_right.jpg,P1,roi,169,0.000000e+00
1209_right.jpg,P1,roi,170,0.000000e+00
1209_right.jpg,P1,roi,171,0.000000e+00
1209_right.jpg,P1,roi,172,0.000000e+00
1209_right.jpg,P1,roi,173,0.000000e+00
1209_right.jpg,P1,roi,174,0.000000e+00
1209_right.jpg,P1,roi,175,0.000000e+00
1209_right.jpg,P1,roi,176,0.000000e+00
1209_right.jpg,P1,roi,177,0.000000e+00
1209_right.jpg,P1,roi,178,0.000000e+00
1209_right.jpg,P1,roi,179,0.000000e+00
1209_right.jpg,P1,roi,180,0.000000e+00
1209_right.jpg,P1,roi,181,0.000000e+00
1209_right.jpg,P1,roi,182,0.000000e+00
1209_right.jpg,P1,roi,183,0.000000e+00
1209_right.jpg,P1,roi,184,0.000000e+00
1209_right.jpg,P1,roi,185,0.000000e+00
1209_right.jpg,P1,roi,186,0.000000e+00
1209_right.jpg,P1,roi,187,0.000000e+00
1209_right.jpg,P1,roi,188,0.000000e+00
1209_right.jpg,P1,roi,189,0.000000e+00
1209_right.jpg,P1,roi,190,0.000000e+00
1209_right.jpg,P1,roi,191,0.000000e+00
1209_right.jpg,P1,roi,192,0.000000e+00
1209_right.jpg,P1,roi,193,0.000000e+00
1209_right.jpg,P1,roi,194,0.000000e+00
1209_right.jpg,P1,roi,195,0.000000e+00
1209_right.jpg,P1,roi,196,0.000000e+00
1209_right.jpg,P1,roi,197,0.000000e+00
1209_right.jpg,P1,roi,198,0.000000e+00
1209_right.jpg,P1,roi,199,0.000000e+00
1209_right.jpg,P1,roi,200,0.000000e+00
1209_right.jpg,P1,roi,201,0.000000e+00
1209_right.jpg,P1,roi,202,0.000000e+00
1209_right.jpg,P1,roi,203,0.000000e+00
1209_right.jpg,P1,roi,204,0.000000e+00
1209_right.jpg,P1,roi,205,0.000000e+00
1209_right.jpg,P1,roi,206,0.000000e+00
1209_right.jpg,P1,roi,207,0.000000e+00
1209_right.jpg,P1,roi,208,0.000000e+00
1209_right.jpg,P1,roi,209,0.000000e+00
1209_right.jpg,P1,roi,210,0.000000e+00
1209_right.jpg,P1,roi,211,0.000000e+00
1209_right.jpg,P1,roi,212,0.000000e+00
1209_right.jpg,P1,roi,213,0.000000e+00
1209_right.jpg,P1,roi,214,0.000000e+00
1209_right.jpg,P1,roi,215,0.000000e+00
1209_right.jpg,P1,roi,216,0.000000e+00
1209_right.jpg,P1,roi,217,0.000000e+00
1209_right.jpg,P1,roi,218,0.000000e+00
1209_right.jpg,P1,roi,219,0.000000e+00
1209_right.jpg,P1,roi,220,0.000000e+00
1209_right.jpg,P1,roi,221,0.000000e+00
1209_right.jpg,P1,roi,222,0.000000e+00
1209_right.jpg,P1,roi,223,0.000000e+00
1209_right.jpg,P1,roi,224,0.000000e+00
1209_right.jpg,P1,roi,225,0.000000e+00
1209_right.jpg,P1,roi,226,0.000000e+00
1209_right.jpg,P1,roi,227,0.000000e+00
1209_right.jpg,P1,roi,228,0.000000e+00
1209_right.jpg,P1,roi,229,0.000000e+00
1209_right.jpg,P1,roi,230,0.000000e+00
1209_right.jpg,P1,roi,231,0.000000e+00
1209_right.jpg,P1,roi,232,0.000000e+00
1209_right.jpg,P1,roi,233,0.000000e+00
1209_right.jpg,P1,roi,234,0.000000e+00
1209_right.jpg,P1,roi,235,0.000000e+00
1209_right.jpg,P1,roi,236,0.000000e+00
1209_right.jpg,P1,roi,237,0.000000e+00
1209_right.jpg,P1,roi,238,0.000000e+00
1209_right.jpg,P1,roi,239,0.000000e+00
1209_right.jpg,P1,roi,240,0.000000e+00
1209_right.jpg,P1,roi,241,0.000000e+00
1209_right.jpg,P1,roi,242,0.000000e+00
1209_right.jpg,P1,roi,243,0.000000e+00
1209_right.jpg,P1,roi,244,0.000000e+00
1209_right.jpg,P1,roi,245,0.000000e+00
1209_right.jpg,P1,roi,246,0.000000e+00
1209_right.jpg,P1,roi,247,0.000000e+00
1209_right.jpg,P1,roi,248,0.000000e+00
1209_right.jpg,P1,roi,249,0.000000e+00
1209_right.jpg,P1,roi,250,0.000000e+00
1209_right.jpg,P1,roi,251,0.000000e+00
1209_right.jpg,P1,roi,252,0.000000e+00
1209_right.jpg,P1,roi,253,0.000000e+00
1209_right.jpg,P1,roi,254,0.000000e+00
1209_right.jpg,P1,roi,255,0.000000e+00
